operation_id,operation_type,resource_id,created_at
1a798a49-80e1-458a-81fb-9bb08c7269b8,add_set,01a02911-7cb6-70bd-aaa5-1476f60e6352,2026-08-22 10:43:27.051526
47ca28fd-8b2f-4fe4-b917-3e5dd5bcb939,add_set,01a02911-7d20-7cb7-98b7-358728f92be8,2026-08-22 10:43:27.141335
5ba36e63-6629-4a61-aeef-94f2e033c2a7,add_set,01a02911-7d75-719e-88dc-cdf1d61de47a,2026-08-22 10:43:27.226266
792c0e5b-887e-42ad-9204-1338eb737f6d,add_set,01a02915-3532-77c3-93ba-6ccd09700d18,2026-08-22 10:47:30.876769
664a1e6a-856c-4566-8497-f7199035ddaa,add_set,01a02915-35a8-7ed1-9a2f-0c9b66642f17,2026-08-22 10:47:30.991848
9b08bf1f-a85d-4e3b-8b10-76b2577ad8cc,add_set,01a02915-3603-7300-8143-d89613d30b70,2026-08-22 10:47:31.082131
390b6894-aa9e-4807-8074-b08cb7e10529,add_set,01a0291c-e832-7644-9ea7-4b9a89bd6fae,2026-08-22 10:55:55.451467
3a7259a3-8cd4-4e5a-bffd-6ef10268272f,add_set,01a0291c-e969-7e09-958f-d2aaf83ca822,2026-08-22 10:55:55.763950
33a71a0f-91ee-46e5-b7db-8dec9d4e00da,add_set,01a0291c-e9f4-79a8-a306-ab75cfc59a84,2026-08-22 10:55:55.898067
c0134215-06fb-4327-b4f0-897ab84c7e59,add_set,01a0291c-ea38-7bb4-965a-cd1de31c71d0,2026-08-22 10:55:55.969636
d8412d37-ada4-43b0-bb12-05630e971e20,add_set,01a02921-2a4f-76a8-844f-2652cfb4f41c,2026-08-22 11:00:34.517533
94b40bbb-36bc-4ae7-8075-58d6317ca465,add_set,01a02921-2aa7-70de-943d-f9df97bb38b2,2026-08-22 11:00:34.604792
3b5df8ca-6ef3-4ecd-9bca-a8a27efdb1b4,add_set,01a02921-2af3-7b85-9be1-430adf5d634a,2026-08-22 11:00:34.682670
9522b74f-b5a9-48bc-8c13-0c8fd2800039,add_set,01a02929-18ca-7f51-82a7-ff7cba349c6f,2026-08-22 11:09:14.322314
46e32e65-fc94-484e-86d5-836b66d5c79d,add_set,01a02929-192e-7323-888b-83956829d3a3,2026-08-22 11:09:14.420998
59ca85c2-001d-4e58-9358-21d108a564d6,add_set,01a02929-1981-7397-82d4-3cba6cc0decc,2026-08-22 11:09:14.503455
dd445947-504b-462f-a812-21c93921d47b,add_set,01a0292e-5027-7964-90db-f3bb136a4190,2026-08-22 11:14:56.175113
7db523da-ea23-482d-9c65-0bc240729a86,add_set,01a0292e-508e-7498-a694-0f3feca9e1e4,2026-08-22 11:14:56.276888
e323b263-dc04-4a50-ba79-cfd499b12728,add_set,01a0292e-521b-75ce-ad6c-75df34bf7d48,2026-08-22 11:14:56.676568
0080a12e-8374-4430-82aa-db5b02b0cc98,add_set,01a02935-6d58-7e12-b2fc-910ee605f0d5,2026-08-22 11:22:42.400547
1a9f2c18-8f61-4491-8347-700ec17e51e3,add_set,01a02935-6e3e-76e8-adf2-7119fdc2289e,2026-08-22 11:22:42.631000
025941f5-9009-4775-8c41-a7e1c3ad7532,add_set,01a02935-6f72-72ca-9ccc-d68aa37695b3,2026-08-22 11:22:42.938356
570d7d1c-beef-4282-ae38-2c72af1a9602,add_set,01a0337d-4cfc-709a-9923-6ae7a4b87dc8,2026-08-24 11:17:24.864486
a02177b6-9932-4735-bb11-1496d4ab371d,add_set,01a0337d-4dcb-727f-a030-f0fe5d43d8fc,2026-08-24 11:17:25.071737
74068db5-8826-4563-bd55-04f4908ed1a6,add_set,01a0337d-4e56-7f00-8e82-12ce51230e75,2026-08-24 11:17:25.210281
9516c594-8703-4dc4-9fbb-f2bd38bd1d71,add_set,01a0337e-1960-79e8-9dbf-c9b2118b4656,2026-08-24 11:18:17.193000
ae665103-a3cf-454c-aad3-4df93799da44,add_set,01a0337e-19d4-74bd-a22c-a4ba7286fb6c,2026-08-24 11:18:17.306581
7357df56-fd80-41a7-8896-a28150f1c221,add_set,01a0338b-bad7-7ce6-b87a-f737109597e8,2026-08-24 11:33:10.496043
8b41cb93-1a15-4007-bfe0-0a058b7a7c21,add_set,01a0338b-bb39-7eb3-b34b-6b88dbe46cc5,2026-08-24 11:33:10.590886
af2a9ffa-38ee-4a99-aa4d-2e374ea0d738,add_set,01a0338c-1ad2-72bc-ad24-54a568b37b6f,2026-08-24 11:33:35.065515
fbda848e-df10-4651-a182-132b531ba477,add_set,01a0338c-1b30-70d3-a58a-595a228c215b,2026-08-24 11:33:35.157375
261a931c-8ee0-4a52-8ed9-c1181525e466,add_set,01a0338c-1ba6-70db-8827-69bf6a4b4fb6,2026-08-24 11:33:35.277765
30bb8f4d-ca07-4402-b6bc-7d49351b7fa7,add_set,01a03395-3180-7baa-82cf-6fa0ce56c436,2026-08-24 11:43:30.697175
f56a7f28-5a68-43c0-bb9c-ee825d24fe0d,add_set,01a03395-31ee-723a-a13f-241afa125210,2026-08-24 11:43:30.804500
b7912709-06a8-42eb-a516-0a0584392336,add_set,01a03395-b0f8-7d2e-a5ac-6c4833b21a3a,2026-08-24 11:44:03.324831
dfc9367b-359c-4733-aa51-a7a0633c913d,add_set,01a03395-b14d-70e8-8fba-3cf69c62c163,2026-08-24 11:44:03.409826
89d33468-47a1-437e-b528-c1ca5ba4b6af,add_set,01a03399-5843-7696-8e51-6489e69e1b71,2026-08-24 11:48:02.760482
6559f603-3a63-4bde-9d2e-6150439a4fd6,add_set,01a03399-58bc-713c-bbfd-35d20dc966da,2026-08-24 11:48:02.883235
576f6dbe-02bf-4f66-9d3f-dd3dbbb2021f,add_set,01a03db3-d004-7055-8ca2-c2affd194e2b,2026-08-26 10:53:09.516355
f632b47f-ed6e-4175-babb-920e4850ff21,add_set,01a03db3-d0a1-79c6-b965-717e66aa6d80,2026-08-26 10:53:09.671653
9e490711-efea-4525-82dd-fa671cd85003,add_set,01a03db3-d148-75ce-bbf2-b8d381566630,2026-08-26 10:53:09.841599
51fc7857-6e95-4dfa-9952-65e7a6f8258e,add_set,01a03db3-d1ff-79f1-8181-e7cfc0e72cca,2026-08-26 10:53:10.024454
a94b3d0b-db08-4192-9774-c0db56b6b81c,add_set,01a03db9-d19a-79d1-a7f6-7a607988ba33,2026-08-26 10:59:43.137494
d2221227-abed-452c-b713-0b4e56b79455,add_set,01a03db9-d1f2-772b-bbb4-d0e564c61154,2026-08-26 10:59:43.226371
3615c592-17a7-483c-8d5b-17a25ccea62f,add_set,01a03db9-d25a-7a26-bfcd-f750311b7a1a,2026-08-26 10:59:43.328287
905a75d5-d830-4a8f-b561-f852f594ad53,add_set,01a03dbf-a33b-7ff1-bba1-0a68fd2bcc3f,2026-08-26 11:06:04.482647
a58e40f2-12b1-4872-87ec-040c55a6f869,add_set,01a03dbf-a38b-71b8-a256-b7f2ff6baa48,2026-08-26 11:06:04.561943
b9a7193f-50e6-450d-96c5-c7de2addc840,add_set,01a03dbf-a3f0-7278-b76f-318c9dc90f7f,2026-08-26 11:06:04.662671
332e3e59-92a4-4962-a8c1-f66e76458fe0,add_set,01a03dc9-9ee4-7769-9b30-781bbe3374da,2026-08-26 11:16:58.731801
d66973c1-f4b0-4cbc-a6a2-2b34a40da088,add_set,01a03dc9-9f56-7ac1-a495-add8c7d2e578,2026-08-26 11:16:58.842471
0f1f371e-a184-4e12-9a8f-34b13f423264,add_set,01a03dc9-9fb3-7f11-a3e1-82eab65ab874,2026-08-26 11:16:58.935382
d3c6ee10-494c-4111-aa12-7920c0641708,add_set,01a03dc9-a010-7628-8b76-6633218ce4b6,2026-08-26 11:16:59.028289
7fa54972-3c95-4908-a675-7f0289a79a23,add_set,01a04ccc-bc1f-7d87-b63a-8d50a119389c,2026-08-29 09:14:41.062846
c90fc7a2-c0d8-43fc-bac3-54fbcabdf27d,add_set,01a04ccc-bc76-7d9f-8c73-87e3815f88f1,2026-08-29 09:14:41.149275
2c2ef6fc-2563-49c4-8334-9ec08bdcd120,add_set,01a04ccc-bcbf-78f7-9afe-20d9d1f002ca,2026-08-29 09:14:41.219948
ceace6fb-9429-41e8-8b7e-224be2789b12,add_set,01a04cd6-0f1b-7b49-b103-0b094ea64654,2026-08-29 09:24:52.131926
c0a4ffce-a0b5-4dbb-ab6c-d130b0f377de,add_set,01a04cd6-0fb8-7e23-ab60-6d804128ea47,2026-08-29 09:24:52.289460
e7e0a8c3-cbe5-4590-84cc-51f40ce14726,add_set,01a04cd6-1046-703f-bc29-76359f6d92e7,2026-08-29 09:24:52.429575
018bdf79-dcc7-463a-bc2e-b07dca00e2ed,add_set,01a04cdc-d26e-7512-80d9-d9ffb4de341c,2026-08-29 09:32:15.351246
f8f4f4e5-045e-484b-8332-8b15240b9b29,add_set,01a04cdc-d2dc-7a5e-aa26-7a7d399fd658,2026-08-29 09:32:15.457648
ff6b52a2-af39-423d-bc26-61763f1e1e35,add_set,01a04cdc-d331-7886-b3c2-0120555e6b8d,2026-08-29 09:32:15.544018
89c8811a-138f-4a60-a83b-b65a1f3bae24,add_set,01a04ce8-650d-7118-814f-c79cca738087,2026-08-29 09:44:53.780255
e001c635-2469-452c-b501-16002c433fdf,add_set,01a04ce8-657d-7b19-87be-f30b3ca869f1,2026-08-29 09:44:53.891421
04a91936-b4bc-49db-8e61-1c4f2c9031f5,add_set,01a04ce8-65cf-7dda-ba3e-587c3b5206e5,2026-08-29 09:44:53.974216
6669e250-44a7-44cd-acc8-f3b495ef9a3d,add_set,01a04ce8-6629-76a8-9d12-9553d77d63d8,2026-08-29 09:44:54.062830
beb54f5c-c467-4e7f-9743-d6d8db0953d0,add_set,01a04cea-8997-74fc-b966-a43c524ffa81,2026-08-29 09:47:14.206580
c4a0a9c9-2822-4737-b8e5-30f8e140097a,add_set,01a04cea-89ee-728c-8e13-580f73469734,2026-08-29 09:47:14.291697
6b3e22f4-f622-4e8e-8980-39dae840441e,add_set,01a04cea-8a31-7a8c-b88d-41fc6087ce01,2026-08-29 09:47:14.359006
278c04fa-1126-46b7-ad85-94d69c495d93,add_set,01a04cf7-5c65-73a1-8a89-d169bf29f781,2026-08-29 10:01:14.602106
bbc5feae-fa4f-44e6-8bf7-4a8457f89e0f,add_set,01a04cf7-5cb6-7bed-8f5a-d1028c88a842,2026-08-29 10:01:14.682405
b06e1b24-a89e-4454-9c95-e3fc077a2e80,add_set,01a04cf7-5cfc-7cfc-b2f1-39a68d34fb2f,2026-08-29 10:01:14.752055
5caf43e2-0681-4f2f-ade0-b5c47ccff20b,add_set,01a04cf7-fe62-756f-bb47-b4b00aca8324,2026-08-29 10:01:56.073521
3531de8d-90a7-474d-911c-09a91f50e342,add_set,01a04cf7-feb2-7b04-9d82-240ff764cdc4,2026-08-29 10:01:56.152906
ce2ccc83-bc75-410b-a297-cde4965f939b,add_set,01a04cf7-ff08-7a38-93c5-890e00800600,2026-08-29 10:01:56.237557
6ed6e9ea-cb67-4671-82ea-9988947b2f82,add_set,01a05786-94a5-7592-b543-5e8382a2ab90,2026-08-31 11:13:52.815213
a5c5d72d-ff9f-490f-a51c-2cc66ae0ec9a,add_set,01a05786-9559-7b04-a283-0ef6c4776a0b,2026-08-31 11:13:52.994920
b38c19b6-04b8-4962-a7d6-75aa0a9c18be,add_set,01a05786-9612-75ff-b9e3-5ae14b84ef27,2026-08-31 11:13:53.180393
a167dd66-63a5-478b-b5e4-373c7eee3cfa,add_set,01a0578d-0385-75b4-b692-25aeda342868,2026-08-31 11:20:54.412900
025d33d8-ab0d-4a73-a467-328881789458,add_set,01a0578d-03e0-7a53-b794-05251e9d100d,2026-08-31 11:20:54.502903
3bc84b47-7f73-40be-a3df-82053faae026,add_set,01a0578d-0440-793f-819f-069e251316bc,2026-08-31 11:20:54.598461
4b5ef511-d154-4188-8ceb-8a6b3ebcc752,add_set,01a05797-40f0-78e5-a012-c6a1ce5f2da1,2026-08-31 11:32:05.496533
befef601-e8c5-4fb9-9561-89c3d6daf0b2,add_set,01a05797-4144-7261-a7bc-9efcc8ec0168,2026-08-31 11:32:05.578057
bb6a5adb-627d-406c-a28e-c25c33a9c7a6,add_set,01a05797-41b2-7302-ad59-1ad398a05877,2026-08-31 11:32:05.689218
966f6416-4361-4d13-8c3a-af7d5edf3e08,add_set,01a0579e-4b1c-71c8-a4ab-34922c4ec7d4,2026-08-31 11:39:46.850562
65fd2641-8644-4eda-bc23-f302f954e9df,add_set,01a0579e-4b71-792a-91cb-81fa60844ec4,2026-08-31 11:39:46.936127
45cbb69d-0a46-412f-9f11-5b9bff190202,add_set,01a0579e-4bc0-7a90-8682-bb8f0c8a5443,2026-08-31 11:39:47.014227
07b9bc15-1c5d-4aff-83de-e0bcff099e7f,add_set,01a06185-3452-77b4-bbb4-de99164edecf,2026-09-02 09:48:34.778860
3ab6c3e5-74fb-4d63-b738-b74fd393462a,add_set,01a06185-34bc-7769-807c-32b8b8625a5f,2026-09-02 09:48:34.882147
be633960-a482-4048-978b-f3059255f431,add_set,01a06185-352d-70c9-8761-257733d2044e,2026-09-02 09:48:34.996347
9f6396f0-a1b6-4e19-a67e-5e21d3cf7431,add_set,01a06193-4333-710c-a98f-df67be878b33,2026-09-02 10:03:56.091139
1e505c9c-540c-4512-bbcf-05de0ede81f6,add_set,01a06193-43a6-7d33-a2bf-ee7de6dcc46f,2026-09-02 10:03:56.203427
e0a3c4e9-f4d4-43f6-acca-5bd7d63bc84b,add_set,01a06193-441c-75f0-b0a5-be4dd45c76cf,2026-09-02 10:03:56.322189
4400b217-a119-4cc8-b7df-2b29086fea06,add_set,01a0619e-5a19-7846-b748-f2109dc40b4e,2026-09-02 10:16:02.849194
4c362207-0561-4c49-8a7b-8513267cfe3e,add_set,01a0619e-5b0b-7244-ba7a-15bdfe58eb0a,2026-09-02 10:16:03.093320
2ecacd67-1924-4cba-ad41-f2328ff32356,add_set,01a0619e-5b79-7da7-b9e9-0832b91bd364,2026-09-02 10:16:03.198829
3e91ce1d-8298-4101-be6e-b6a921ddcf81,add_set,01a061a5-4784-7e14-aa2f-c6367d0820df,2026-09-02 10:23:36.842188
93b4fba6-e5d6-4e29-a9ef-5294f653ea33,add_set,01a061a5-58ed-7be4-b73f-3979617dc91c,2026-09-02 10:23:41.300210
c395ae49-d14f-4d4f-8f75-7188f256e531,add_set,01a061a6-3d89-793d-85a1-3250f4741bb9,2026-09-02 10:24:39.825091
00cade26-8ab4-47d5-b9b6-e78d699538a5,add_set,01a061a6-3e56-756e-ad18-28609938d2a4,2026-09-02 10:24:40.031030
6db1f6c4-4ada-49ee-b16c-a241effc253b,add_set,01a061a6-3f2b-7433-973a-7625416f2503,2026-09-02 10:24:40.243269
6dc8461d-6a13-4571-9fdb-38207f13287e,add_set,01a061a9-353c-74f3-baf7-4908e898c2ce,2026-09-02 10:27:54.304012
ee3f6802-c2e3-4427-9463-2ff2c475ba02,add_set,01a061a9-35b6-737c-9074-a2e248e92aca,2026-09-02 10:27:54.426158
d58bafc5-db12-4709-a54e-f6bc087f4917,add_set,01a061a9-3635-7a00-afb3-944c502478d4,2026-09-02 10:27:54.553412
cbba81dd-3dff-4eb0-8e50-91e98f233081,add_set,01a070f2-66ef-79b6-892b-c3d15eabe4fc,2026-09-05 09:42:09.395444
f6a91530-44b6-4b03-b01e-4c085f95e301,add_set,01a070f2-6815-7646-9e76-3ab03158045b,2026-09-05 09:42:09.689223
cebf3636-18b3-4520-8999-22831aa3e629,add_set,01a070f2-68b4-7114-87c8-989acea8969e,2026-09-05 09:42:09.852244
b7bbfcc0-2bff-4efc-83e9-e9b18dfa7682,add_set,01a070fb-aade-7088-95f0-a10d174ef87d,2026-09-05 09:52:16.619410
ff5013d7-18e6-4807-b5e5-1662f166d037,add_set,01a070fb-ab51-797f-9f10-7c1a8c7494f6,2026-09-05 09:52:16.728646
b14c6d5a-cec2-441e-a07f-1f97f78e6e6e,add_set,01a070fb-abb2-75a0-b5ed-f8ffc88aacdf,2026-09-05 09:52:16.824086
7a4640d8-18d5-437a-994b-71c85dbe35f9,add_set,01a07105-ba8f-7908-8474-c1fd3211f634,2026-09-05 10:03:15.990991
7bdc382a-8fbc-4659-acb6-9c57d4505ea8,add_set,01a07105-bafa-7a46-8927-9da8bf9efa6e,2026-09-05 10:03:16.095935
f92c9186-2cf8-4f4b-9cea-8fbe24dbff89,add_set,01a07105-bb52-7195-a4c4-dc7d67f10eda,2026-09-05 10:03:16.183960
565393ae-6411-41d9-a6a9-e63268cc02f6,add_set,01a0710c-7c2a-743e-a00d-c482e70a249a,2026-09-05 10:10:38.769068
b8bd0d52-90fe-4d9f-a28a-6a6d9d3e3794,add_set,01a0710c-7c8b-7569-9cec-f1a6d7c2ca8f,2026-09-05 10:10:38.865029
b08606f1-518f-4ccf-bf2b-3c9d25e85b26,add_set,01a0710c-7cd9-7a8a-b752-cf5f5886670d,2026-09-05 10:10:38.943784
7511fdbc-7945-4361-a714-2980e43814ea,add_set,01a07116-42df-799c-b6e8-5a744dbe4ac5,2026-09-05 10:21:19.462900
f6ed91b3-3ea5-497a-818e-cbb3ea93aee4,add_set,01a07116-43c0-705c-b6bf-4b09a1fb2d9c,2026-09-05 10:21:19.689152
6bcabeb2-d3d2-44ed-8f91-9329dde65271,add_set,01a07116-f1d7-7f87-bb99-6cd3830001f1,2026-09-05 10:22:04.250913
b60d1be1-343c-46ac-806f-fc9427983117,add_set,01a07116-f219-7fd7-babc-a66f0861eead,2026-09-05 10:22:04.317402
6c1bedfc-9665-4794-b328-375a394280e1,add_set,01a0711c-1bff-7ef7-8b16-039b54b3a90d,2026-09-05 10:27:42.726790
9a5e2999-8de6-414b-bb77-02b2555a0c6d,add_set,01a0711c-1c52-7556-a888-088b0cbfa706,2026-09-05 10:27:42.807789
498728f8-c2ba-4202-901f-7f95624cff70,add_set,01a0711c-1ca7-7167-a096-a17b0a0b4c89,2026-09-05 10:27:42.893581
b256b6e2-ad3a-49c5-91d6-6a28589df551,add_set,01a07b8d-5ad0-765e-b4a5-60ebd6531f6f,2026-09-07 11:07:36.536305
b0c7f3d7-40c5-4f9f-a0e5-2f0cfab26ea8,add_set,01a07b8d-5b33-7d77-8c6e-3f6e4e266eaf,2026-09-07 11:07:36.633525
79dd92a7-ee43-4ee2-a01a-63bf23f65f4f,add_set,01a07b8d-5b9e-7b37-b3bf-8838d01dd8fc,2026-09-07 11:07:36.740476
4d6fad84-1286-4003-876c-de6d3b48a464,add_set,01a07b8e-b4fa-7136-b9dc-17bce95f0a9b,2026-09-07 11:09:05.159491
e9acc18b-a4cf-431f-89a4-e587507172b0,add_set,01a07b8e-b581-7ad4-b93d-b790d8edc5f8,2026-09-07 11:09:05.287944
3f4e3c26-e4bb-47e6-b3ff-f2f87871907d,add_set,01a07b8e-b606-7601-8d1f-efd62151daa2,2026-09-07 11:09:05.421545
65c07719-5dbb-45d2-8453-826f538d5981,add_set,01a07b8f-961d-7aff-8421-6d197de8721e,2026-09-07 11:10:02.789170
43842b97-b91b-45a0-9374-7df4668a3bbb,add_set,01a07b8f-9689-78e3-b3d0-2084532c8960,2026-09-07 11:10:02.894548
392323ab-c1d5-46fd-8fe5-7229c962aa99,add_set,01a07b8f-96e6-7b7f-bf6f-f904918b0d22,2026-09-07 11:10:02.990967
dbe02917-840a-4394-954c-f9e7a8008611,add_set,01a07b9c-f5e1-7cd5-9f23-6e45a3cd3e6b,2026-09-07 11:24:39.273400
681288bf-6cfa-46ef-ae5f-6c3104aa6579,add_set,01a07b9c-f6ed-731c-8565-2c614b0dd041,2026-09-07 11:24:39.542172
146f5661-ef64-4e4f-80c3-f092a7a80a5a,add_set,01a07b9c-f808-7e81-bc70-52589da24cd6,2026-09-07 11:24:39.823872
0b354098-d3cb-4e13-a4d6-e87ea934bdb4,add_set,01a07ba9-3f8c-7bf1-a7ce-a5744419f6ba,2026-09-07 11:38:04.563128
251fa373-a930-4a0d-ba07-6a7ecd469776,add_set,01a07ba9-3ff7-7d0d-b662-14eae4fa8bae,2026-09-07 11:38:04.670413
c3eb25e2-5a0b-48e7-bca0-e870c5dfa89a,add_set,01a08564-87c2-76a0-ae19-6497267cb05d,2026-09-09 08:59:13.226133
937e3e7d-a0fb-4ba3-9d73-fc48ca2397e1,add_set,01a08564-8874-7459-b52f-f4414d50168a,2026-09-09 08:59:13.403826
5d5303e3-dcc2-4852-83ba-036ea661a03d,add_set,01a08564-88e5-7b42-9547-d029b57d51a1,2026-09-09 08:59:13.515780
b2c5d45b-2faa-4c5e-803d-065a9e5b46c9,add_set,01a08565-14d1-7f40-886f-c3440a7ca99e,2026-09-09 08:59:49.337071
38f297c5-2262-498f-82c6-ac8f8e338b3b,add_set,01a08565-1546-7f9a-aacd-1ae2e5d9ba4d,2026-09-09 08:59:49.451965
445ce570-e1ce-466d-a8de-dc314e0263b4,add_set,01a08565-15c0-765c-995a-059c6a3527ba,2026-09-09 08:59:49.574339
8ddaf5fb-fd6c-4d37-8166-7e4166e7e4cd,add_set,01a0856e-c198-7f4b-a98e-c1c158b9c121,2026-09-09 09:10:23.389008
76670820-0bbe-48bb-aca3-af066a159adb,add_set,01a0856e-c27b-7413-ad5c-030439fa77af,2026-09-09 09:10:23.615044
258fe463-bea0-4df2-a5eb-7c362771454b,add_set,01a0856e-c319-703c-851c-082842a9bd50,2026-09-09 09:10:23.774510
d7fbd57e-dede-4aa2-badf-ac1a72b3e962,add_set,01a0856f-0d11-706f-9daa-e0e24c79c963,2026-09-09 09:10:42.714451
6e9796a1-53fa-4ff4-972a-30638f7283d1,add_set,01a0856f-0d77-790f-93de-81fcf2ce28cf,2026-09-09 09:10:42.812642
11e14b0d-64bf-47b4-9597-7c6c6027d247,add_set,01a0856f-0dec-7957-827b-01d4b7e419a3,2026-09-09 09:10:42.931235
82ca9278-25b5-428d-9d37-e1ad5a48cbc2,add_set,01a094fb-4ce4-783a-a450-985ca59cf05d,2026-09-12 09:38:12.330939
7551e6b4-4494-49f4-9942-69816cbf5cca,add_set,01a094fb-4d38-7651-9669-a7394fca89ad,2026-09-12 09:38:12.415153
1f51f486-8427-43de-a46f-02309bd91694,add_set,01a094fb-4d98-7fd9-9a29-a0de15b90cc3,2026-09-12 09:38:12.510736
159ade2c-bd7e-4efb-8bf2-d4a9ec031dd8,add_set,01a09503-86a3-7887-95e1-25eb8e95633b,2026-09-12 09:47:11.404322
d0f830e9-479e-4d55-a10b-3b5b52e40060,add_set,01a09503-8704-7af1-899d-9ac7bf247945,2026-09-12 09:47:11.497927
7c740aab-bbf8-4fcb-ba12-9c50fa6657a3,add_set,01a09503-8759-786c-a97c-80cb34f301aa,2026-09-12 09:47:11.583932
0bac4a19-b1a1-46f4-9e02-a80fe74d9e06,add_set,01a09504-4abf-7031-aa89-7e638b7e44fc,2026-09-12 09:48:01.603563
5b2e7bc4-0172-42dd-b992-40dbf4d56d53,add_set,01a09504-4b15-744c-a66d-4a52d8a4b5f9,2026-09-12 09:48:01.689434
13ed25cf-af0f-406e-a0f2-951c049c6ebd,add_set,01a09504-4b83-791f-96e2-fb74f00456e5,2026-09-12 09:48:01.799115
169c513c-86f8-4e49-8e3b-1c93869ec3ac,add_set,01a09511-0e57-72e8-8058-0556e35864c6,2026-09-12 10:01:58.110601
863e1b0a-82c6-447a-a106-b686e80212e7,add_set,01a09511-0eb9-7837-ab4f-0be44b774ab8,2026-09-12 10:01:58.207100
2a4d5b08-280d-4e4b-89b1-afee823471f7,add_set,01a09511-0f0a-7e32-a571-d431a0bae69d,2026-09-12 10:01:58.289401
49a7d296-b845-4fa1-9563-d57fb7579bed,add_set,01a09519-c3d7-7f03-9ccd-fbb5652443e8,2026-09-12 10:11:28.865108
2e679067-2ce1-4ff0-bdd8-1958c67c4d89,add_set,01a09519-c4b5-7f8d-895b-54f4b279e997,2026-09-12 10:11:29.085290
030331d0-2cbf-4ca5-8823-5399aa7907c0,add_set,01a09519-c593-7a57-b418-2d915001737e,2026-09-12 10:11:29.306746
b6587d1d-d4d5-4712-b818-67eb78e2e6cf,add_set,01a09522-dce8-746d-845c-0fe72e5a8389,2026-09-12 10:21:25.100633
9b265e5d-1708-4d67-8eca-7aa1394d02b4,add_set,01a09522-dd79-7aeb-a758-88dd51807cdb,2026-09-12 10:21:25.245850
87831d9b-d856-49c6-94d4-756ab05e1c9c,add_set,01a09522-de10-720e-b1bd-1082bd4a6bee,2026-09-12 10:21:25.396686
3823365b-7e1b-419a-a972-f8f96246e5e3,add_set,01a09f50-b292-76e7-85b6-6a184d1420df,2026-09-14 09:47:41.083168
76a06ff6-ec1e-46b2-a1b4-20f7009dac2e,add_set,01a09f50-b45e-7f0e-8ee6-7d519b95de25,2026-09-14 09:47:41.543753
595185c0-a227-4dc2-8959-b90b24fafce7,add_set,01a09f50-b63c-70d1-8fce-27ed865767aa,2026-09-14 09:47:42.020623
56cd1d34-5975-4da5-a51e-4600b76328e0,add_set,01a09f58-69b2-7e76-9bdc-3de0e643d1a2,2026-09-14 09:56:06.713822
3f6502e3-f872-4f5d-94b2-eae2bbf2edbb,add_set,01a09f58-6a08-7b30-a3c6-fbf3ba3b4e23,2026-09-14 09:56:06.797604
83089f14-44f3-4692-bbcb-4b3d84f7ef89,add_set,01a09f58-6a68-74d2-be52-672fcaed6915,2026-09-14 09:56:06.894580
5b4504a6-9246-448a-a9c5-dfdf84c6b1cb,add_set,01a09f5f-64d5-705a-9f0b-dd30514ea2ad,2026-09-14 10:03:44.219826
140169df-9ff5-4474-bb66-5d0f27749ac8,add_set,01a09f5f-65b4-7dbd-a7d4-d2c204b7569d,2026-09-14 10:03:44.444980
a638c2ff-352b-413c-9624-3e8531bd8910,add_set,01a09f5f-6690-7449-9ceb-750afe68a50b,2026-09-14 10:03:44.664250
42c9245e-dd49-4beb-ad6b-168214430618,add_set,01a09f78-bac0-75b1-9dd0-94222f85c563,2026-09-14 10:31:24.612208
4495b587-d345-4360-bc63-2463bfd00e11,add_set,01a09f78-beae-7b91-ac0a-dace6f6a41b0,2026-09-14 10:31:25.618526
a6898755-2463-4cae-b401-53657b3f0241,add_set,01a09f78-bf5a-77b2-b660-b5b53225bf5d,2026-09-14 10:31:25.790460
19e2cc34-938b-48da-8535-9a2c555fb444,add_set,01a0a9a8-3d7e-7b27-9ee6-59fbad38dfd5,2026-09-16 09:59:30.434323
19b73825-cf47-4726-afd3-12bbb3a0770d,add_set,01a0a9a8-3e60-7b6b-98ea-e5be0f97bfed,2026-09-16 09:59:30.665595
5f0ebf9e-6e86-422e-8d8b-efee240a2f55,add_set,01a0a9a8-3f5c-7576-b658-95ac0e19d82e,2026-09-16 09:59:30.917303
8a7290f5-1e78-4c63-80eb-a9d35be1bef9,add_set,01a0a9a8-f26c-7ab3-a8d3-66998f01cf6d,2026-09-16 10:00:16.757501
61ea7734-f89a-4764-84a8-8a68c7feaf8e,add_set,01a0a9a8-f34e-722c-a24f-75efefefd780,2026-09-16 10:00:16.982774
bd26b38a-2f74-479a-b999-51d2c04b19ce,add_set,01a0a9a8-f42c-73c7-a955-b795fb857df0,2026-09-16 10:00:17.205004
f80fdfbe-d989-465e-9790-307427938b04,add_set,01a0a9af-4996-7303-b10d-47bdf5c9b00b,2026-09-16 10:07:12.285903
cdc254ba-d47a-418e-a354-1ca0a4d3aa53,add_set,01a0a9af-4a8b-7b32-bb1a-45580343a490,2026-09-16 10:07:12.532236
69f97dc1-aaa6-4637-98a9-795e502dbc7f,add_set,01a0a9af-4b82-7277-bb36-63e2e253b6ce,2026-09-16 10:07:12.778452
133dc6b8-e689-4898-afa0-29492cf33197,add_set,01a0a9b6-d7cc-7f9a-8a7e-b1289aff5b3c,2026-09-16 10:15:27.444143
ed47613f-bc10-41ae-ad02-0b38528dca40,add_set,01a0a9b6-d8b1-78e9-99cc-bd8b07d06b47,2026-09-16 10:15:27.673868
fa8fc002-7f21-476e-b5d0-db75b18b2e35,add_set,01a0a9b6-d996-7c13-a928-9f50b86dc966,2026-09-16 10:15:27.903823
28b63559-1707-4b3a-9bb4-17f1b5299ac0,add_set,01a0a9bf-557f-70a5-a2d9-af2994da35b2,2026-09-16 10:24:43.911236
17962403-0c64-4ee2-a927-bd30f7b618c3,add_set,01a0a9bf-5658-7b7c-816c-df19ad05ab9f,2026-09-16 10:24:44.128191
387ee85d-90ba-4e63-9b86-52d636cfa02f,add_set,01a0a9bf-572d-7bb9-8351-c413f80d4453,2026-09-16 10:24:44.342379
5a3bfa0b-cc18-4469-b413-ad81ac98549e,add_set,01a0a9c0-6544-75b8-a387-e313b1d990e8,2026-09-16 10:25:53.485276
7d7f7084-769a-4cb4-ac17-6c270a2216b7,add_set,01a0a9c0-6627-777b-99be-c7990606d9a8,2026-09-16 10:25:53.712258
88ff9305-00a0-495e-96d3-3d7222f0f24d,add_set,01a0a9c0-6753-7777-9ba6-b2e502927473,2026-09-16 10:25:54.012309
d872ab77-a467-49cb-b181-901481a8fc23,add_set,01a0cde4-46a4-71de-8d43-0f791b8eb626,2026-09-23 10:51:24.723628
f1d0b26f-b5be-412f-9c38-3cd7f241da3b,add_set,01a0cde4-4714-766e-bc91-18e5fcb8516c,2026-09-23 10:51:24.825668
65e45825-3393-447c-9475-c300e636627d,add_set,01a0cde4-478a-71b2-b57c-d0c823bc311a,2026-09-23 10:51:24.944595
aed9b424-4e1d-4065-a8b9-b2dfd7811cbf,add_set,01a0cde9-8a18-73d4-a069-40e0c8fef0fc,2026-09-23 10:57:09.663993
e78845de-f374-40a9-942e-ce8c2ae3c768,add_set,01a0cde9-8ad2-7af8-9d1b-8effcd2f8b4a,2026-09-23 10:57:09.849728
b9688576-c38e-4f09-922a-69f6f087025a,add_set,01a0cde9-8b86-7850-af85-9f831b31bfd0,2026-09-23 10:57:10.030202
1e470c5f-4e49-49b5-ad01-6b6f90ebee30,add_set,01a0cdf7-92c7-7d0a-b64e-ef5b1155b7fd,2026-09-23 11:12:29.387401
2edf69f4-9766-4a4b-b3e5-3073051a06b0,add_set,01a0cdf7-93a2-7819-b542-0e855a4091af,2026-09-23 11:12:29.606301
34b986e5-440a-4134-9c90-e240d5d54c58,add_set,01a0cdf7-962f-7839-95b9-fcbe64dd8584,2026-09-23 11:12:30.265637
a0c7d562-222e-48b9-9855-d36809627f4a,add_set,01a0dd45-954b-764d-bcf2-9fd4ec8a864f,2026-09-26 10:32:00.083404
29a8ca65-1c7d-4c3d-817b-cf58ef45c02a,add_set,01a0dd45-95a1-74f6-9032-90bb5f5ff24d,2026-09-26 10:32:00.168134
0e737fd0-25e3-4989-9523-8d5bf5b5c40e,add_set,01a0dd45-95f7-7689-a9e5-b35db797f52d,2026-09-26 10:32:00.253423
d7334e2d-b09d-42a8-b703-bcbfebec318f,add_set,01a0dd4c-ee9d-7b6f-be58-26a63d6212f1,2026-09-26 10:40:01.700562
85943182-2411-4a3e-973a-25f94b75425c,add_set,01a0dd4c-ef4d-7756-a113-251c0e3f45cb,2026-09-26 10:40:01.877267
7e899a7b-8a2c-47bc-b012-700dcdc9878a,add_set,01a0dd4c-eff8-71ad-a309-ea1f487565d2,2026-09-26 10:40:02.046867
12f1f138-50bf-46b5-a72f-7a82e0d23a37,add_set,01a0dd61-eed1-7f44-89a6-2a3a77636503,2026-09-26 11:02:58.007412
c64de0d2-a309-4e14-b381-e05c129f013d,add_set,01a0dd61-ef22-7ac2-9e12-63bf3d243fd4,2026-09-26 11:02:58.086720
2209eca2-2118-4a03-9830-9777f133b952,add_set,01a0dd61-ef69-7cf6-bf35-e8565437577d,2026-09-26 11:02:58.156942
9006bbc9-b63e-4af9-8951-f81a8ed4622c,add_set,01a0dd63-586b-7192-b0fa-a7bb9e0ed511,2026-09-26 11:04:30.575749
f6c8ab57-8c16-42a6-9fad-e3f0ba3b2e44,add_set,01a0dd63-58c1-798e-8d31-a4410b8c7e4a,2026-09-26 11:04:30.661790
df53a216-2615-4df3-8705-08771bb55112,add_set,01a0dd63-5a6b-77a7-97b5-ce4cb2f7d80e,2026-09-26 11:04:31.087830
485b87c4-9e70-4f23-a8e5-f9aa8ccf4e19,add_set,01a0dd6c-b3ba-71cb-9a67-3f5ab5cf31d8,2026-09-26 11:14:43.777874
257be0fd-337d-4356-b7dc-d7ae69326f0c,add_set,01a0dd6c-b41b-7076-b11b-d318bae49dd4,2026-09-26 11:14:43.873217
3edefa40-9ed9-4647-83f6-85e22b298ec7,add_set,01a0dd6c-b47f-7582-ae8e-16aaa8c3e0cc,2026-09-26 11:14:43.975056
9043c1a9-e515-4707-ba90-cb0698b2fb7a,add_set,01a0dd73-f666-71ee-829c-20f641d7bc3e,2026-09-26 11:22:39.597801
a17cd216-c900-4d1c-b78a-9a9355940ce7,add_set,01a0dd73-f6c2-7982-8170-6857d3fae287,2026-09-26 11:22:39.686883
22234ac3-a27e-4004-9ebc-6f9a5e27be7d,add_set,01a0dd73-f715-7c26-ae79-61b5a51b6c48,2026-09-26 11:22:39.769482
dc34ffab-e0a3-48d9-8ace-9b0e6693af95,add_set,01a0dd75-6bfd-76ab-8ffa-54b4f3f52054,2026-09-26 11:24:15.236210
51b48431-a587-4b81-9d4e-be204a1172de,add_set,01a0dd75-6c5c-7ec1-b621-8586a9c1ff2b,2026-09-26 11:24:15.331881
13dedab8-b9aa-411b-83b5-5542702c3be9,add_set,01a0dd75-6cce-77de-952a-fad7e2949ac4,2026-09-26 11:24:15.447093
