id,name,primary_muscle,secondary_muscles,equipment,movement_pattern,difficulty,is_active,aliases,knowledge_variant_id
019f5b93-7a51-7a3d-8fd2-6c1c92153d0e,Chest Press (Machine),chest,,machine,,,1,,
019f5b93-7a52-7671-83ff-fe19b6ca9987,Incline Chest Press (Machine),chest,,machine,,,1,,
019f5b93-7a53-7f68-9538-4c3141e0b831,Bench Press (Barbell),chest,,barbell,,,1,,
019f5b93-7a54-7455-be55-53e12538c924,Pec Deck Fly,chest,,machine,,,1,,
019f5b93-7a55-797d-83a1-7958fee2e434,Cable Fly,chest,,cable,,,1,,
019f5b93-7a56-72bd-ba8e-da56b8793144,Lat Pulldown,back,,cable,,,1,,
019f5b93-7a57-7e12-acaf-008b26bee260,Seated Cable Row,back,,cable,,,1,,
019f5b93-7a58-79db-9ab5-04ad36afe503,Chest Supported Row,back,,machine,,,1,,
019f5b93-7a59-76d5-8fe7-ba35fd04ed5a,Pull Up,back,,bodyweight,,,1,,
019f5b93-7a5a-7b3c-9096-f0c3286339e0,Barbell Row,back,,barbell,,,1,,
019f5b93-7a5b-74bf-95c9-13bb9c886a04,Shoulder Press (Machine),shoulders,,machine,,,1,,
019f5b93-7a5c-7a01-b1e9-292d40d596ed,Overhead Press (Barbell),shoulders,,barbell,,,1,,
019f5b93-7a5d-7720-a72a-7fb31c1566c9,Lateral Raise,shoulders,,dumbbell,,,1,,
019f5b93-7a5e-7ab7-b09f-c5b10caea84b,Rear Delt Fly,shoulders,,machine,,,1,,
019f5b93-7a5f-725d-8cd0-3379178e84ba,Leg Press,legs,,machine,,,1,,
019f5b93-7a60-7812-b880-866e25952f96,Hack Squat,legs,,machine,,,1,,
019f5b93-7a61-7d2a-91a2-de2b14d5c265,Squat,legs,,barbell,,,1,,
019f5b93-7a62-721f-b956-5cd7146b2833,Leg Extension,legs,,machine,,,1,,
019f5b93-7a63-7ab5-a325-35c981a1b36d,Leg Curl,hamstrings,,machine,,,1,,
019f5b93-7a64-70a8-acfc-6aa797247615,Romanian Deadlift,hamstrings,,barbell,,,1,,
019f5b93-7a65-7d47-87ee-03917cc842f8,Calf Raise,calves,,machine,,,1,,
019f5b93-7a66-77e2-8b9a-6c1e8d5398c8,Biceps Curl,biceps,,dumbbell,,,1,,
019f5b93-7a67-7959-b537-8a01d68f2b31,Hammer Curl,biceps,,dumbbell,,,1,,
019f5b93-7a68-7dad-b466-2fc5cd974edb,Preacher Curl (Machine),biceps,,machine,,,1,,
019f5b93-7a69-7aab-bdd2-039bddf626fc,Triceps Pushdown,triceps,,cable,,,1,,
019f5b93-7a6a-78bf-b58d-e07a882d007f,Triceps Extension (Machine),triceps,,machine,,,1,,
019f5b93-7a6b-79ed-9399-4edcdaebe3c4,Skull Crusher,triceps,,barbell,,,1,,
019f5ca1-f8cd-745f-8442-41704e6cdfe1,Upper Back Row,back,,machine,,,1,,
019f7c42-85ba-7cb6-9562-c33af2766ad9,Cable Curl,biceps,,cable,,,1,,
