id,session_id,exercise_id,display_order,notes,is_skipped,is_warmup
019f5c9e-94ad-7ee7-8d64-45fd45c7beb6,019f5c9d-f924-7e3e-9fa5-8d0cca14e464,019f5b93-7a56-72bd-ba8e-da56b8793144,0,,0,0
019f5c9e-ea70-7cdf-8ff0-d3694d9b6bfa,019f5c9d-f924-7e3e-9fa5-8d0cca14e464,019f5b93-7a54-7455-be55-53e12538c924,1,,0,0
019f5ca2-7db9-7e0f-b55c-8895a5fb5505,019f5c9d-f924-7e3e-9fa5-8d0cca14e464,019f5ca1-f8cd-745f-8442-41704e6cdfe1,2,,0,0
019f5ca3-2fad-7502-b2ff-fb7bbfc116ee,019f5c9d-f924-7e3e-9fa5-8d0cca14e464,019f5b93-7a68-7dad-b466-2fc5cd974edb,3,,0,0
019f5ca3-8209-7332-a264-988b0b2b6239,019f5c9d-f924-7e3e-9fa5-8d0cca14e464,019f5b93-7a67-7959-b537-8a01d68f2b31,4,,0,0
019f5cb5-4536-757e-9dc5-44d6c0fa0af0,019f5cb4-4771-7096-b619-e590d205bd1f,019f5b93-7a60-7812-b880-866e25952f96,0,,0,0
019f5cb5-aca7-7e80-820a-b081da2adfa7,019f5cb4-4771-7096-b619-e590d205bd1f,019f5b93-7a5f-725d-8cd0-3379178e84ba,1,,0,0
019f5cb6-6d47-714e-a775-6e198f8fb0be,019f5cb4-4771-7096-b619-e590d205bd1f,019f5b93-7a65-7d47-87ee-03917cc842f8,2,,0,0
019f5cb6-c70d-73ed-bff4-4ff7bfafebd8,019f5cb4-4771-7096-b619-e590d205bd1f,019f5b93-7a63-7ab5-a325-35c981a1b36d,3,,0,0
019f5cb7-06f6-7a8f-be66-b671d060340d,019f5cb4-4771-7096-b619-e590d205bd1f,019f5b93-7a62-721f-b956-5cd7146b2833,4,,0,0
019f5cb8-de92-7729-8c9e-76034189e1a2,019f5cb8-0d4b-7e4e-bd92-48c4b74bc27f,019f5b93-7a51-7a3d-8fd2-6c1c92153d0e,0,,0,0
019f5cb9-646b-724e-97f0-7adb393d3aca,019f5cb8-0d4b-7e4e-bd92-48c4b74bc27f,019f5b93-7a52-7671-83ff-fe19b6ca9987,1,,0,0
019f5cb9-cea8-71d2-8288-6cccc80f044a,019f5cb8-0d4b-7e4e-bd92-48c4b74bc27f,019f5b93-7a5b-74bf-95c9-13bb9c886a04,2,,0,0
019f74d9-acd4-70d5-9e60-8b696d7194de,019f74d9-acc8-74d4-9b08-38c1c1713e73,019f5b93-7a52-7671-83ff-fe19b6ca9987,0,From plan: Push Priority,0,0
019f74d9-acd9-753c-bcd9-714526f4c2cc,019f74d9-acc8-74d4-9b08-38c1c1713e73,019f5b93-7a5b-74bf-95c9-13bb9c886a04,1,From plan: Push Priority,0,0
019f74d9-acdb-74c4-b332-9033bc4fa3c3,019f74d9-acc8-74d4-9b08-38c1c1713e73,019f5b93-7a54-7455-be55-53e12538c924,2,From plan: Push Priority,0,0
019f74d9-acdd-7179-b470-ecc01978f0f1,019f74d9-acc8-74d4-9b08-38c1c1713e73,019f5b93-7a64-70a8-acfc-6aa797247615,3,From plan: Push Priority,0,0
019f74d9-acdf-7cff-9ddb-e4b2a5938966,019f74d9-acc8-74d4-9b08-38c1c1713e73,019f5b93-7a57-7e12-acaf-008b26bee260,4,From plan: Push Priority,0,0
019f74d9-ace1-7acf-baff-04c934a2f222,019f74d9-acc8-74d4-9b08-38c1c1713e73,019f5b93-7a5e-7ab7-b09f-c5b10caea84b,5,From plan: Push Priority,0,0
019f74d9-ace3-7eb8-ac40-10f5cbb641af,019f74d9-acc8-74d4-9b08-38c1c1713e73,019f5b93-7a67-7959-b537-8a01d68f2b31,6,From plan: Push Priority,0,0
019f74d9-ace9-7ca2-a5b5-ab4c58f2f052,019f74d9-acc8-74d4-9b08-38c1c1713e73,019f5b93-7a5c-7a01-b1e9-292d40d596ed,7,From plan: Push Priority,0,0
019f7731-5dee-7b16-8328-fa8e1470b9fa,019f7731-5de7-72e2-9b1d-6405fd58a046,019f5b93-7a60-7812-b880-866e25952f96,0,From plan: Lower Priority,0,0
019f7731-5df4-7fea-b274-713025db88ff,019f7731-5de7-72e2-9b1d-6405fd58a046,019f5b93-7a5f-725d-8cd0-3379178e84ba,1,From plan: Lower Priority,0,0
019f7731-5df9-7a08-9a84-b06183becd1f,019f7731-5de7-72e2-9b1d-6405fd58a046,019f5b93-7a51-7a3d-8fd2-6c1c92153d0e,2,From plan: Lower Priority,0,0
019f7731-5dfb-7014-84ce-d88250f153ca,019f7731-5de7-72e2-9b1d-6405fd58a046,019f5b93-7a56-72bd-ba8e-da56b8793144,3,From plan: Lower Priority,0,0
019f7731-5dfd-734f-b82f-74252ef26afe,019f7731-5de7-72e2-9b1d-6405fd58a046,019f5b93-7a5d-7720-a72a-7fb31c1566c9,4,From plan: Lower Priority,0,0
019f7731-5dfe-7913-8c56-8f3058edcd65,019f7731-5de7-72e2-9b1d-6405fd58a046,019f5b93-7a69-7aab-bdd2-039bddf626fc,5,From plan: Lower Priority,0,0
019f7732-b034-7707-bc5e-ec07f10b8839,019f7732-b02b-7d59-8f68-aa8fcfd3207e,019f5b93-7a52-7671-83ff-fe19b6ca9987,0,From plan: Push Priority,0,0
019f7732-b047-7b76-88e5-fb7d02799d7a,019f7732-b02b-7d59-8f68-aa8fcfd3207e,019f5b93-7a5b-74bf-95c9-13bb9c886a04,1,From plan: Push Priority,0,0
019f7732-b04a-7805-a344-d23a2660d4e5,019f7732-b02b-7d59-8f68-aa8fcfd3207e,019f5b93-7a54-7455-be55-53e12538c924,2,From plan: Push Priority,0,0
019f7732-b04d-7371-bdca-2bb97d7929c3,019f7732-b02b-7d59-8f68-aa8fcfd3207e,019f5b93-7a64-70a8-acfc-6aa797247615,3,From plan: Push Priority,0,0
019f7732-b051-7efc-9f9a-e6eb33a18f47,019f7732-b02b-7d59-8f68-aa8fcfd3207e,019f5b93-7a57-7e12-acaf-008b26bee260,4,From plan: Push Priority,0,0
019f7732-b054-71e7-83e0-327c34468164,019f7732-b02b-7d59-8f68-aa8fcfd3207e,019f5b93-7a5e-7ab7-b09f-c5b10caea84b,5,From plan: Push Priority,0,0
019f7732-b057-72bb-be9c-37637edd4aa7,019f7732-b02b-7d59-8f68-aa8fcfd3207e,019f5b93-7a67-7959-b537-8a01d68f2b31,6,From plan: Push Priority,0,0
019f7732-b05a-705e-a77f-69b8627ce848,019f7732-b02b-7d59-8f68-aa8fcfd3207e,019f5b93-7a5c-7a01-b1e9-292d40d596ed,7,From plan: Push Priority,0,0
019f7739-93d0-7ff4-b53b-4f36c00cb4bf,019f7739-93c9-711b-98c4-628bd89b0707,019f5b93-7a60-7812-b880-866e25952f96,0,From plan: Lower Priority,0,0
019f7739-93d3-7d35-a92c-2a82e319eaf6,019f7739-93c9-711b-98c4-628bd89b0707,019f5b93-7a5f-725d-8cd0-3379178e84ba,1,From plan: Lower Priority,0,0
019f7739-93d5-73e7-81a6-f9b9fa0f7eee,019f7739-93c9-711b-98c4-628bd89b0707,019f5b93-7a51-7a3d-8fd2-6c1c92153d0e,2,From plan: Lower Priority,0,0
019f7739-93d7-7f29-be5d-b12140050020,019f7739-93c9-711b-98c4-628bd89b0707,019f5b93-7a56-72bd-ba8e-da56b8793144,3,From plan: Lower Priority,0,0
019f7739-93d9-7ec4-ab45-dfad206016bd,019f7739-93c9-711b-98c4-628bd89b0707,019f5b93-7a5d-7720-a72a-7fb31c1566c9,4,From plan: Lower Priority,0,0
019f7739-93da-7f1c-8522-9703ba2d5543,019f7739-93c9-711b-98c4-628bd89b0707,019f5b93-7a69-7aab-bdd2-039bddf626fc,5,From plan: Lower Priority,0,0
019f773f-c7b8-7a81-9722-392768229410,019f773f-c7b3-7f81-a8c8-9e3ab358a7d2,019f5b93-7a60-7812-b880-866e25952f96,0,From plan: Lower Priority,0,0
019f773f-c7ba-7a9b-9949-902a0c6d1153,019f773f-c7b3-7f81-a8c8-9e3ab358a7d2,019f5b93-7a5f-725d-8cd0-3379178e84ba,1,From plan: Lower Priority,0,0
019f773f-c7bc-7ad4-bd99-73e719514b50,019f773f-c7b3-7f81-a8c8-9e3ab358a7d2,019f5b93-7a51-7a3d-8fd2-6c1c92153d0e,2,From plan: Lower Priority,0,0
019f773f-c7be-7e94-93a3-cb8df702f868,019f773f-c7b3-7f81-a8c8-9e3ab358a7d2,019f5b93-7a56-72bd-ba8e-da56b8793144,3,From plan: Lower Priority,0,0
019f773f-c7c0-704e-8c38-13266d58925e,019f773f-c7b3-7f81-a8c8-9e3ab358a7d2,019f5b93-7a5d-7720-a72a-7fb31c1566c9,4,From plan: Lower Priority,0,0
019f773f-c7c3-7eca-adb4-62610cbd01a0,019f773f-c7b3-7f81-a8c8-9e3ab358a7d2,019f5b93-7a69-7aab-bdd2-039bddf626fc,5,From plan: Lower Priority,0,0
019f7c19-f138-783d-8910-9d1d347bc2cd,019f7c19-f12b-7dc1-b378-6ff04c9ca230,019f5b93-7a52-7671-83ff-fe19b6ca9987,0,From plan: Push Priority,0,0
019f7c19-f13e-76f5-ad40-da4d763eb127,019f7c19-f12b-7dc1-b378-6ff04c9ca230,019f5b93-7a5b-74bf-95c9-13bb9c886a04,1,From plan: Push Priority,0,0
019f7c19-f140-71c0-868d-5aad56e4fcb0,019f7c19-f12b-7dc1-b378-6ff04c9ca230,019f5b93-7a54-7455-be55-53e12538c924,2,From plan: Push Priority,0,0
019f7c19-f141-7d4e-8957-519a9ae37c3c,019f7c19-f12b-7dc1-b378-6ff04c9ca230,019f5b93-7a64-70a8-acfc-6aa797247615,3,From plan: Push Priority,0,0
019f7c19-f143-70a4-a0a3-0989f6bb6149,019f7c19-f12b-7dc1-b378-6ff04c9ca230,019f5b93-7a57-7e12-acaf-008b26bee260,4,From plan: Push Priority,0,0
019f7c19-f145-7339-bafa-349e3f29056b,019f7c19-f12b-7dc1-b378-6ff04c9ca230,019f5b93-7a5e-7ab7-b09f-c5b10caea84b,5,From plan: Push Priority,0,0
019f7c19-f147-7d94-ab9f-2c68792baf2f,019f7c19-f12b-7dc1-b378-6ff04c9ca230,019f5b93-7a67-7959-b537-8a01d68f2b31,6,From plan: Push Priority,0,0
019f7c19-f149-75af-9f52-b15e2ba41b6a,019f7c19-f12b-7dc1-b378-6ff04c9ca230,019f5b93-7a5c-7a01-b1e9-292d40d596ed,7,From plan: Push Priority,0,0
019f7c1d-227b-7b86-bc8f-cf92b24fe40f,019f7c1d-2276-749c-975a-8a04d15ff7ad,019f5b93-7a60-7812-b880-866e25952f96,0,From plan: Lower Priority,0,0
019f7c1d-227e-7b60-b65f-b5d1706fde54,019f7c1d-2276-749c-975a-8a04d15ff7ad,019f5b93-7a5f-725d-8cd0-3379178e84ba,1,From plan: Lower Priority,0,0
019f7c1d-2280-77ad-8752-f3b4d3fd905f,019f7c1d-2276-749c-975a-8a04d15ff7ad,019f5b93-7a51-7a3d-8fd2-6c1c92153d0e,2,From plan: Lower Priority,0,0
019f7c1d-2282-718d-8f7c-caa1f5ce90de,019f7c1d-2276-749c-975a-8a04d15ff7ad,019f5b93-7a56-72bd-ba8e-da56b8793144,3,From plan: Lower Priority,0,0
019f7c1d-2284-7865-8f04-fefcddcc5d80,019f7c1d-2276-749c-975a-8a04d15ff7ad,019f5b93-7a5d-7720-a72a-7fb31c1566c9,4,From plan: Lower Priority,0,0
019f7c1d-2286-7ed6-a2b1-5d91cd3ee114,019f7c1d-2276-749c-975a-8a04d15ff7ad,019f5b93-7a69-7aab-bdd2-039bddf626fc,5,From plan: Lower Priority,0,0
019f7c1f-fb97-77cb-826c-89a450b71c16,019f7c1f-fb90-787d-8113-43965948f2be,019f5b93-7a60-7812-b880-866e25952f96,0,From plan: Lower Priority,0,0
019f7c1f-fb99-79f0-8916-19e5798f2bee,019f7c1f-fb90-787d-8113-43965948f2be,019f5b93-7a5f-725d-8cd0-3379178e84ba,1,From plan: Lower Priority,0,0
019f7c1f-fb9c-7f67-9074-57e156d124e8,019f7c1f-fb90-787d-8113-43965948f2be,019f5b93-7a51-7a3d-8fd2-6c1c92153d0e,2,From plan: Lower Priority,0,0
019f7c1f-fb9f-7957-af20-9834d0419c9b,019f7c1f-fb90-787d-8113-43965948f2be,019f5b93-7a56-72bd-ba8e-da56b8793144,3,From plan: Lower Priority,0,0
019f7c1f-fba1-757a-84e0-87945aaf959f,019f7c1f-fb90-787d-8113-43965948f2be,019f5b93-7a5d-7720-a72a-7fb31c1566c9,4,From plan: Lower Priority,0,0
019f7c1f-fba4-79dd-9fd0-1f2c7dbddca5,019f7c1f-fb90-787d-8113-43965948f2be,019f5b93-7a69-7aab-bdd2-039bddf626fc,5,From plan: Lower Priority,0,0
019f7f2e-1dee-79f5-937c-a436a6959d8c,019f7f2e-1dde-7e50-821e-88c3044b7040,019f5b93-7a60-7812-b880-866e25952f96,0,From plan: Lower Priority,0,0
019f7f2e-1df5-724a-bd01-a38e2e050ea7,019f7f2e-1dde-7e50-821e-88c3044b7040,019f5b93-7a5f-725d-8cd0-3379178e84ba,1,From plan: Lower Priority,0,0
019f7f2e-1df8-7fbe-8c89-ec3e5844a036,019f7f2e-1dde-7e50-821e-88c3044b7040,019f5b93-7a51-7a3d-8fd2-6c1c92153d0e,2,From plan: Lower Priority,0,0
019f7f2e-1dfb-7ca7-93c5-759e74a775c3,019f7f2e-1dde-7e50-821e-88c3044b7040,019f5b93-7a56-72bd-ba8e-da56b8793144,3,From plan: Lower Priority,0,0
019f7f2e-1dfd-7a4a-872d-ae844cb059bd,019f7f2e-1dde-7e50-821e-88c3044b7040,019f5b93-7a5d-7720-a72a-7fb31c1566c9,4,From plan: Lower Priority,0,0
019f7f2e-1dff-7105-bd16-a44c6a18d737,019f7f2e-1dde-7e50-821e-88c3044b7040,019f5b93-7a69-7aab-bdd2-039bddf626fc,5,From plan: Lower Priority,0,0
019f7f2e-1e01-710d-af7e-e55bc018d6ef,019f7f2e-1dde-7e50-821e-88c3044b7040,019f5b93-7a67-7959-b537-8a01d68f2b31,6,From plan: Lower Priority,0,0
019f7f2e-1e04-77bc-a5d7-46c7b5e400ec,019f7f2e-1dde-7e50-821e-88c3044b7040,019f5b93-7a65-7d47-87ee-03917cc842f8,7,From plan: Lower Priority,0,0
019f8938-47f8-743c-a84a-d7328aad8985,019f8938-47f1-79ac-88dd-d4ac159711fa,019f5b93-7a58-79db-9ab5-04ad36afe503,0,From plan: Pull Prioity,0,0
019f8938-47fa-7fb4-839b-8814262802de,019f8938-47f1-79ac-88dd-d4ac159711fa,019f5b93-7a56-72bd-ba8e-da56b8793144,1,From plan: Pull Prioity,0,0
019f8938-47fd-7f28-8e75-9f0fc3a4342a,019f8938-47f1-79ac-88dd-d4ac159711fa,019f5b93-7a62-721f-b956-5cd7146b2833,2,From plan: Pull Prioity,0,0
019f8938-47ff-76f8-ae87-c2eef61d35c9,019f8938-47f1-79ac-88dd-d4ac159711fa,019f5b93-7a54-7455-be55-53e12538c924,3,From plan: Pull Prioity,0,0
019f8938-4802-7895-85a5-3f81ddd4a98d,019f8938-47f1-79ac-88dd-d4ac159711fa,019f5b93-7a63-7ab5-a325-35c981a1b36d,4,From plan: Pull Prioity,0,0
019f8938-4804-7065-aa4b-90d264076fa4,019f8938-47f1-79ac-88dd-d4ac159711fa,019f5b93-7a5e-7ab7-b09f-c5b10caea84b,5,From plan: Pull Prioity,0,0
019f8938-4806-7e72-854a-b126ff92778b,019f8938-47f1-79ac-88dd-d4ac159711fa,019f5b93-7a68-7dad-b466-2fc5cd974edb,6,From plan: Pull Prioity,0,0
019f8938-4808-7774-a9e8-e321969b7eae,019f8938-47f1-79ac-88dd-d4ac159711fa,019f5b93-7a69-7aab-bdd2-039bddf626fc,7,From plan: Pull Prioity,0,0
019f8938-480b-7c6e-9a6c-08bed6d6fae7,019f8938-47f1-79ac-88dd-d4ac159711fa,019f5b93-7a65-7d47-87ee-03917cc842f8,8,From plan: Pull Prioity,0,0
019f98bd-6b3c-7791-af34-948f989141b9,019f98bd-6b35-777f-b325-c1f31e5fc56c,019f5b93-7a52-7671-83ff-fe19b6ca9987,0,From plan: Push Priority,0,0
019f98bd-6b3f-770f-a59d-df7bef6f5916,019f98bd-6b35-777f-b325-c1f31e5fc56c,019f5b93-7a51-7a3d-8fd2-6c1c92153d0e,1,From plan: Push Priority,0,0
019f98bd-6b41-7a29-85d1-174a7e3571ae,019f98bd-6b35-777f-b325-c1f31e5fc56c,019f5b93-7a63-7ab5-a325-35c981a1b36d,2,From plan: Push Priority,0,0
019f98bd-6b43-74fa-8caf-c253f4733aed,019f98bd-6b35-777f-b325-c1f31e5fc56c,019f5b93-7a58-79db-9ab5-04ad36afe503,3,From plan: Push Priority,0,0
019f98bd-6b45-78a2-b6fb-d80759f554d9,019f98bd-6b35-777f-b325-c1f31e5fc56c,019f5b93-7a5e-7ab7-b09f-c5b10caea84b,4,From plan: Push Priority,0,0
019f98bd-6b48-70fd-8d1d-b3eecdbeea60,019f98bd-6b35-777f-b325-c1f31e5fc56c,019f5b93-7a5d-7720-a72a-7fb31c1566c9,5,From plan: Push Priority,0,0
019f98bd-6b4a-77d0-baea-e3c37e192de5,019f98bd-6b35-777f-b325-c1f31e5fc56c,019f5b93-7a6a-78bf-b58d-e07a882d007f,6,From plan: Push Priority,0,0
019f98bd-6b4c-7f15-a551-0ad18b395c3a,019f98bd-6b35-777f-b325-c1f31e5fc56c,019f7c42-85ba-7cb6-9562-c33af2766ad9,7,From plan: Push Priority,0,0
019f98bd-6b4e-7eaa-a743-a9af5504ccd2,019f98bd-6b35-777f-b325-c1f31e5fc56c,019f5b93-7a65-7d47-87ee-03917cc842f8,8,From plan: Push Priority,0,0
019f98db-7619-79e8-85e1-c2daa1e7beef,019f98db-7611-7117-addd-c51158fe0983,019f5b93-7a52-7671-83ff-fe19b6ca9987,0,From plan: Push Priority,0,0
019f98db-761c-7bf6-b3dd-0bccfae94b84,019f98db-7611-7117-addd-c51158fe0983,019f5b93-7a51-7a3d-8fd2-6c1c92153d0e,1,From plan: Push Priority,0,0
019f98db-761f-79d5-8da6-b1fe72ee855e,019f98db-7611-7117-addd-c51158fe0983,019f5b93-7a63-7ab5-a325-35c981a1b36d,2,From plan: Push Priority,0,0
019f98db-7622-77f0-891d-e71b60a968e0,019f98db-7611-7117-addd-c51158fe0983,019f5b93-7a58-79db-9ab5-04ad36afe503,3,From plan: Push Priority,0,0
019f98db-7624-70a9-899d-b42a55a628c8,019f98db-7611-7117-addd-c51158fe0983,019f5b93-7a5e-7ab7-b09f-c5b10caea84b,4,From plan: Push Priority,0,0
019f98db-7627-76d9-a992-27d4bcd815fa,019f98db-7611-7117-addd-c51158fe0983,019f5b93-7a5d-7720-a72a-7fb31c1566c9,5,From plan: Push Priority,0,0
019f98db-7629-7563-8deb-bea618502711,019f98db-7611-7117-addd-c51158fe0983,019f5b93-7a6a-78bf-b58d-e07a882d007f,6,From plan: Push Priority,0,0
019f98db-762c-7413-829d-b5cea23f5c06,019f98db-7611-7117-addd-c51158fe0983,019f7c42-85ba-7cb6-9562-c33af2766ad9,7,From plan: Push Priority,0,0
019f98db-762e-7c89-a9d2-4b922e91e33f,019f98db-7611-7117-addd-c51158fe0983,019f5b93-7a65-7d47-87ee-03917cc842f8,8,From plan: Push Priority,0,0
019f9916-fdd8-7857-91be-d2675399d3e7,019f9916-fdd2-7b60-bb71-f9416b2ed196,019f5b93-7a52-7671-83ff-fe19b6ca9987,0,From plan: Push Priority,0,0
019f9916-fddb-72d8-a712-8c15a77d529a,019f9916-fdd2-7b60-bb71-f9416b2ed196,019f5b93-7a51-7a3d-8fd2-6c1c92153d0e,1,From plan: Push Priority,0,0
019f9916-fdde-7026-93ed-70ebaa52f50e,019f9916-fdd2-7b60-bb71-f9416b2ed196,019f5b93-7a63-7ab5-a325-35c981a1b36d,2,From plan: Push Priority,0,0
019f9916-fde0-706a-8fef-a79f1dbb005c,019f9916-fdd2-7b60-bb71-f9416b2ed196,019f5b93-7a58-79db-9ab5-04ad36afe503,3,From plan: Push Priority,0,0
019f9916-fde2-71c0-967b-75a8f1ba4e8b,019f9916-fdd2-7b60-bb71-f9416b2ed196,019f5b93-7a5e-7ab7-b09f-c5b10caea84b,4,From plan: Push Priority,0,0
019f9916-fde3-7fc2-8a0c-618d0f97e704,019f9916-fdd2-7b60-bb71-f9416b2ed196,019f5b93-7a5d-7720-a72a-7fb31c1566c9,5,From plan: Push Priority,0,0
019f9916-fde5-7a07-9919-9debe5ed79aa,019f9916-fdd2-7b60-bb71-f9416b2ed196,019f5b93-7a6a-78bf-b58d-e07a882d007f,6,From plan: Push Priority,0,0
019f9916-fde7-7d49-96c9-5a9f3d2a1b3c,019f9916-fdd2-7b60-bb71-f9416b2ed196,019f7c42-85ba-7cb6-9562-c33af2766ad9,7,From plan: Push Priority,0,0
019f9916-fde9-77f2-b87f-1b7ca47fe482,019f9916-fdd2-7b60-bb71-f9416b2ed196,019f5b93-7a65-7d47-87ee-03917cc842f8,8,From plan: Push Priority,0,0
019fa34f-3e46-7e77-ad98-20fb190b8721,019fa34f-3e42-7bf9-9529-39d131dbb5b5,019f5b93-7a60-7812-b880-866e25952f96,0,From plan: Lower Priority,0,0
019fa34f-3e47-7b81-92a7-c5ff272dc674,019fa34f-3e42-7bf9-9529-39d131dbb5b5,019f5b93-7a5f-725d-8cd0-3379178e84ba,1,From plan: Lower Priority,0,0
019fa34f-3e48-7afb-872c-15f96ebb3e81,019fa34f-3e42-7bf9-9529-39d131dbb5b5,019f5b93-7a51-7a3d-8fd2-6c1c92153d0e,2,From plan: Lower Priority,0,0
019fa34f-3e49-783e-a762-710eaae7cb6a,019fa34f-3e42-7bf9-9529-39d131dbb5b5,019f5b93-7a56-72bd-ba8e-da56b8793144,3,From plan: Lower Priority,0,0
019fa34f-3e4a-75ea-b4a3-47801e763aba,019fa34f-3e42-7bf9-9529-39d131dbb5b5,019f5b93-7a5d-7720-a72a-7fb31c1566c9,4,From plan: Lower Priority,0,0
019fa34f-3e4b-7049-bc69-31e69632ddb0,019fa34f-3e42-7bf9-9529-39d131dbb5b5,019f5b93-7a69-7aab-bdd2-039bddf626fc,5,From plan: Lower Priority,0,0
019fa34f-3e4c-7fb5-b307-66d5520ddc9b,019fa34f-3e42-7bf9-9529-39d131dbb5b5,019f5b93-7a67-7959-b537-8a01d68f2b31,6,From plan: Lower Priority,0,0
019fa34f-3e4d-7c0a-9a9b-f53b44201546,019fa34f-3e42-7bf9-9529-39d131dbb5b5,019f5b93-7a65-7d47-87ee-03917cc842f8,7,From plan: Lower Priority,0,0
019fad21-12ad-7b00-ab02-811fed840d2e,019fad21-12a9-7d76-83bb-328e3bf945a3,019f5b93-7a58-79db-9ab5-04ad36afe503,0,From plan: Pull Prioity,0,0
019fad21-12ae-7a14-a429-ad83d4eef648,019fad21-12a9-7d76-83bb-328e3bf945a3,019f5b93-7a56-72bd-ba8e-da56b8793144,1,From plan: Pull Prioity,0,0
019fad21-12af-7ceb-aca0-463ad1005617,019fad21-12a9-7d76-83bb-328e3bf945a3,019f5b93-7a62-721f-b956-5cd7146b2833,2,From plan: Pull Prioity,0,0
019fad21-12b0-76ed-adce-cf227b311130,019fad21-12a9-7d76-83bb-328e3bf945a3,019f5b93-7a54-7455-be55-53e12538c924,3,From plan: Pull Prioity,0,0
019fad21-12b1-7c9e-aac2-3dca82dece8b,019fad21-12a9-7d76-83bb-328e3bf945a3,019f5b93-7a63-7ab5-a325-35c981a1b36d,4,From plan: Pull Prioity,0,0
019fad21-12b2-73d5-8354-c61f8db47600,019fad21-12a9-7d76-83bb-328e3bf945a3,019f5b93-7a5e-7ab7-b09f-c5b10caea84b,5,From plan: Pull Prioity,0,0
019fad21-12b3-7423-90b8-99fb30beb03d,019fad21-12a9-7d76-83bb-328e3bf945a3,019f5b93-7a68-7dad-b466-2fc5cd974edb,6,From plan: Pull Prioity,0,0
019fad21-12b4-7d73-85b2-b6a6a54df9a1,019fad21-12a9-7d76-83bb-328e3bf945a3,019f5b93-7a69-7aab-bdd2-039bddf626fc,7,From plan: Pull Prioity,0,0
019fad21-12b5-792e-ad88-c32def40ad3d,019fad21-12a9-7d76-83bb-328e3bf945a3,019f5b93-7a65-7d47-87ee-03917cc842f8,8,From plan: Pull Prioity,0,0
019fbcce-f5e5-75cb-bd0c-9e3a30119dee,019fbcce-f5df-7b72-80b5-427037a5d97b,019f5b93-7a52-7671-83ff-fe19b6ca9987,0,From plan: Push Priority,0,0
019fbcce-f5e8-7120-9083-24c48a292b3c,019fbcce-f5df-7b72-80b5-427037a5d97b,019f5b93-7a51-7a3d-8fd2-6c1c92153d0e,1,From plan: Push Priority,0,0
019fbcce-f5ea-7aab-92f3-0d4b8ad0812b,019fbcce-f5df-7b72-80b5-427037a5d97b,019f5b93-7a63-7ab5-a325-35c981a1b36d,2,From plan: Push Priority,0,0
019fbcce-f5ec-7379-9258-41424c353927,019fbcce-f5df-7b72-80b5-427037a5d97b,019f5b93-7a58-79db-9ab5-04ad36afe503,3,From plan: Push Priority,0,0
019fbcce-f5ef-7526-ab6d-fde22c79c458,019fbcce-f5df-7b72-80b5-427037a5d97b,019f5b93-7a5e-7ab7-b09f-c5b10caea84b,4,From plan: Push Priority,0,0
019fbcce-f5f2-7b69-ab06-f39d4439ed93,019fbcce-f5df-7b72-80b5-427037a5d97b,019f5b93-7a5d-7720-a72a-7fb31c1566c9,5,From plan: Push Priority,0,0
019fbcce-f5f4-7585-9e0c-e9cc1e46db1d,019fbcce-f5df-7b72-80b5-427037a5d97b,019f5b93-7a6a-78bf-b58d-e07a882d007f,6,From plan: Push Priority,0,0
019fbcce-f5f6-7fbf-bb43-a98bb04f9c85,019fbcce-f5df-7b72-80b5-427037a5d97b,019f7c42-85ba-7cb6-9562-c33af2766ad9,7,From plan: Push Priority,0,0
019fbcce-f5f9-7c30-b096-bff666bbc0e2,019fbcce-f5df-7b72-80b5-427037a5d97b,019f5b93-7a65-7d47-87ee-03917cc842f8,8,From plan: Push Priority,0,0
019fbd36-eb94-7cc3-bc00-599cc84b6777,019fbd36-eb8a-7d2c-94c1-f38484788293,019f5b93-7a52-7671-83ff-fe19b6ca9987,0,From plan: Push Priority,0,0
019fbd36-eb97-7262-9a48-b66e1a919eed,019fbd36-eb8a-7d2c-94c1-f38484788293,019f5b93-7a51-7a3d-8fd2-6c1c92153d0e,1,From plan: Push Priority,0,0
019fbd36-eb99-7542-8bde-5ac9f800500d,019fbd36-eb8a-7d2c-94c1-f38484788293,019f5b93-7a63-7ab5-a325-35c981a1b36d,2,From plan: Push Priority,0,0
019fbd36-eb9c-7bc2-99e3-07bd39a28085,019fbd36-eb8a-7d2c-94c1-f38484788293,019f5b93-7a58-79db-9ab5-04ad36afe503,3,From plan: Push Priority,0,0
019fbd36-eb9e-7f60-8ea7-4fd2f246295a,019fbd36-eb8a-7d2c-94c1-f38484788293,019f5b93-7a5e-7ab7-b09f-c5b10caea84b,4,From plan: Push Priority,0,0
019fbd36-eba1-73b2-84cb-c86206ec8436,019fbd36-eb8a-7d2c-94c1-f38484788293,019f5b93-7a5d-7720-a72a-7fb31c1566c9,5,From plan: Push Priority,0,0
019fbd36-eba4-7ca1-97b2-50e7e0ebb1ee,019fbd36-eb8a-7d2c-94c1-f38484788293,019f5b93-7a6a-78bf-b58d-e07a882d007f,6,From plan: Push Priority,0,0
019fbd36-eba7-7694-b224-4380b2c95fd6,019fbd36-eb8a-7d2c-94c1-f38484788293,019f7c42-85ba-7cb6-9562-c33af2766ad9,7,From plan: Push Priority,0,0
019fbd36-eba9-73e5-8b13-8997c808e01d,019fbd36-eb8a-7d2c-94c1-f38484788293,019f5b93-7a65-7d47-87ee-03917cc842f8,8,From plan: Push Priority,0,0
019fc7d0-7d37-75e2-bcc3-40e26e0bab48,019fc7d0-7d34-7bb8-aa5d-191a155f10d5,019f5b93-7a58-79db-9ab5-04ad36afe503,0,From plan: Pull Prioity,0,0
019fc7d0-7d39-708b-9021-40c5626cd44b,019fc7d0-7d34-7bb8-aa5d-191a155f10d5,019f5b93-7a56-72bd-ba8e-da56b8793144,1,From plan: Pull Prioity,0,0
019fc7d0-7d3a-76f5-9fb5-cf8093369a79,019fc7d0-7d34-7bb8-aa5d-191a155f10d5,019f5b93-7a62-721f-b956-5cd7146b2833,2,From plan: Pull Prioity,0,0
019fc7d0-7d3b-7693-ad72-13c6d617edb5,019fc7d0-7d34-7bb8-aa5d-191a155f10d5,019f5b93-7a54-7455-be55-53e12538c924,3,From plan: Pull Prioity,0,0
019fc7d0-7d3c-7ade-aa50-ba5d974d6660,019fc7d0-7d34-7bb8-aa5d-191a155f10d5,019f5b93-7a63-7ab5-a325-35c981a1b36d,4,From plan: Pull Prioity,0,0
019fc7d0-7d3d-77b5-b3c8-7b187aa798e4,019fc7d0-7d34-7bb8-aa5d-191a155f10d5,019f5b93-7a5e-7ab7-b09f-c5b10caea84b,5,From plan: Pull Prioity,0,0
019fc7d0-7d3e-7eb3-ba65-3ba9330f79dc,019fc7d0-7d34-7bb8-aa5d-191a155f10d5,019f5b93-7a68-7dad-b466-2fc5cd974edb,6,From plan: Pull Prioity,0,0
019fc7d0-7d3f-7ce1-a178-de5ed8140e12,019fc7d0-7d34-7bb8-aa5d-191a155f10d5,019f5b93-7a69-7aab-bdd2-039bddf626fc,7,From plan: Pull Prioity,0,0
019fc7d0-7d40-7dfe-b6d5-d1ed8373e525,019fc7d0-7d34-7bb8-aa5d-191a155f10d5,019f5b93-7a65-7d47-87ee-03917cc842f8,8,From plan: Pull Prioity,0,0
019fd189-f6a9-73db-911c-aad0445772ae,019fd189-f6a6-7700-a52d-101064e81685,019f5b93-7a60-7812-b880-866e25952f96,0,From plan: Lower Priority,0,0
019fd189-f6ab-7d07-9cfd-45f70aa1101d,019fd189-f6a6-7700-a52d-101064e81685,019f5b93-7a5f-725d-8cd0-3379178e84ba,1,From plan: Lower Priority,0,0
019fd189-f6ac-70eb-b926-25a6cbf5a399,019fd189-f6a6-7700-a52d-101064e81685,019f5b93-7a51-7a3d-8fd2-6c1c92153d0e,2,From plan: Lower Priority,0,0
019fd189-f6ad-79a0-82a8-72618f3191c2,019fd189-f6a6-7700-a52d-101064e81685,019f5b93-7a56-72bd-ba8e-da56b8793144,3,From plan: Lower Priority,0,0
019fd189-f6ae-70ef-b2df-1bfbe551f7eb,019fd189-f6a6-7700-a52d-101064e81685,019f5b93-7a5d-7720-a72a-7fb31c1566c9,4,From plan: Lower Priority,0,0
019fd189-f6af-72c4-9e92-61967633147e,019fd189-f6a6-7700-a52d-101064e81685,019f5b93-7a69-7aab-bdd2-039bddf626fc,5,From plan: Lower Priority,0,0
019fd189-f6b0-7ac4-90cd-3975219c74a4,019fd189-f6a6-7700-a52d-101064e81685,019f5b93-7a67-7959-b537-8a01d68f2b31,6,From plan: Lower Priority,0,0
019fd189-f6b1-7ea4-8666-725a06b90de0,019fd189-f6a6-7700-a52d-101064e81685,019f5b93-7a65-7d47-87ee-03917cc842f8,7,From plan: Lower Priority,0,0
019fd19d-a258-7846-999b-861153a6ce36,019fd19d-5520-7592-b71b-15d37bdc7bfc,019f5b93-7a60-7812-b880-866e25952f96,0,,0,0
019fd19f-23fd-71fb-990f-22ce8e182f27,019fd19d-5520-7592-b71b-15d37bdc7bfc,019f5b93-7a5f-725d-8cd0-3379178e84ba,1,,0,0
019fd19f-5d92-70f7-80c3-29377c0df96d,019fd19d-5520-7592-b71b-15d37bdc7bfc,019f5b93-7a63-7ab5-a325-35c981a1b36d,2,,0,0
019fd1aa-89ed-76c9-a5be-af9910c0f316,019fd19d-5520-7592-b71b-15d37bdc7bfc,019f5b93-7a62-721f-b956-5cd7146b2833,3,,0,0
019fe0e1-7c48-76cb-9c0f-dd4854992ccf,019fe0e1-7c41-7ee0-a231-926dcea7b079,019f5b93-7a52-7671-83ff-fe19b6ca9987,0,From plan: Push Priority,0,0
019fe0e1-7c4a-76c0-b441-f220d8f0cdf3,019fe0e1-7c41-7ee0-a231-926dcea7b079,019f5b93-7a51-7a3d-8fd2-6c1c92153d0e,1,From plan: Push Priority,0,0
019fe0e1-7c4d-73d8-82e0-d87e10208c67,019fe0e1-7c41-7ee0-a231-926dcea7b079,019f5b93-7a63-7ab5-a325-35c981a1b36d,2,From plan: Push Priority,0,0
019fe0e1-7c4f-75e0-9954-10f0257fa539,019fe0e1-7c41-7ee0-a231-926dcea7b079,019f5b93-7a58-79db-9ab5-04ad36afe503,3,From plan: Push Priority,0,0
019fe0e1-7c51-749d-8ce3-c282c81322e5,019fe0e1-7c41-7ee0-a231-926dcea7b079,019f5b93-7a5e-7ab7-b09f-c5b10caea84b,4,From plan: Push Priority,0,0
019fe0e1-7c54-709c-a0c6-178bda19368b,019fe0e1-7c41-7ee0-a231-926dcea7b079,019f5b93-7a5d-7720-a72a-7fb31c1566c9,5,From plan: Push Priority,0,0
019fe0e1-7c56-7c8f-a7c2-d0dfba30370b,019fe0e1-7c41-7ee0-a231-926dcea7b079,019f5b93-7a6a-78bf-b58d-e07a882d007f,6,From plan: Push Priority,0,0
019fe0e1-7c58-757c-9053-cedca09c5ccd,019fe0e1-7c41-7ee0-a231-926dcea7b079,019f7c42-85ba-7cb6-9562-c33af2766ad9,7,From plan: Push Priority,0,0
019fe0e1-7c5b-7cb2-b2de-5619e1a330be,019fe0e1-7c41-7ee0-a231-926dcea7b079,019f5b93-7a65-7d47-87ee-03917cc842f8,8,From plan: Push Priority,0,0
019feae6-7cb1-7d18-833d-b9c7ad29e17e,019feae6-7ca9-7de5-97d2-6522553aabd0,019f5b93-7a58-79db-9ab5-04ad36afe503,0,From plan: Pull Prioity,0,0
019feae6-7cb3-70a5-8e6b-06cb28264902,019feae6-7ca9-7de5-97d2-6522553aabd0,019f5b93-7a56-72bd-ba8e-da56b8793144,1,From plan: Pull Prioity,0,0
019feae6-7cb5-7225-b3a0-6de84cad55bf,019feae6-7ca9-7de5-97d2-6522553aabd0,019f5b93-7a62-721f-b956-5cd7146b2833,2,From plan: Pull Prioity,0,0
019feae6-7cb7-7bd8-b345-41ea406187ca,019feae6-7ca9-7de5-97d2-6522553aabd0,019f5b93-7a54-7455-be55-53e12538c924,3,From plan: Pull Prioity,0,0
019feae6-7cb9-7b65-b90b-8b792939b7a6,019feae6-7ca9-7de5-97d2-6522553aabd0,019f5b93-7a63-7ab5-a325-35c981a1b36d,4,From plan: Pull Prioity,0,0
019feae6-7cba-70d2-abd1-79951f530e21,019feae6-7ca9-7de5-97d2-6522553aabd0,019f5b93-7a5e-7ab7-b09f-c5b10caea84b,5,From plan: Pull Prioity,0,0
019feae6-7cbc-743a-988a-e619f351bfc0,019feae6-7ca9-7de5-97d2-6522553aabd0,019f5b93-7a68-7dad-b466-2fc5cd974edb,6,From plan: Pull Prioity,0,0
019feae6-7cbe-7746-a096-bca8c268c3e4,019feae6-7ca9-7de5-97d2-6522553aabd0,019f5b93-7a69-7aab-bdd2-039bddf626fc,7,From plan: Pull Prioity,0,0
019feae6-7cc0-740a-b620-d38cece5f0b3,019feae6-7ca9-7de5-97d2-6522553aabd0,019f5b93-7a65-7d47-87ee-03917cc842f8,8,From plan: Pull Prioity,0,0
019ff55d-773d-7aa0-ba18-90152f6eeef3,019ff55d-7734-7993-bfa3-2551310c11a4,019f5b93-7a60-7812-b880-866e25952f96,0,From plan: Lower Priority,0,0
019ff55d-7740-7528-9b46-868e058fe969,019ff55d-7734-7993-bfa3-2551310c11a4,019f5b93-7a5f-725d-8cd0-3379178e84ba,1,From plan: Lower Priority,0,0
019ff55d-7742-745a-87f6-149be3e7f7e2,019ff55d-7734-7993-bfa3-2551310c11a4,019f5b93-7a51-7a3d-8fd2-6c1c92153d0e,2,From plan: Lower Priority,0,0
019ff55d-7744-70fc-bfe1-97a1b88ec666,019ff55d-7734-7993-bfa3-2551310c11a4,019f5b93-7a56-72bd-ba8e-da56b8793144,3,From plan: Lower Priority,0,0
019ff55d-7746-730f-b016-a2a59c1a3915,019ff55d-7734-7993-bfa3-2551310c11a4,019f5b93-7a5d-7720-a72a-7fb31c1566c9,4,From plan: Lower Priority,0,0
019ff55d-7749-7533-ac2d-edd87749be0d,019ff55d-7734-7993-bfa3-2551310c11a4,019f5b93-7a69-7aab-bdd2-039bddf626fc,5,From plan: Lower Priority,0,0
019ff55d-774b-71c3-9166-a2878722cc25,019ff55d-7734-7993-bfa3-2551310c11a4,019f5b93-7a67-7959-b537-8a01d68f2b31,6,From plan: Lower Priority,0,0
019ff55d-774d-710f-899d-1a68cbf85744,019ff55d-7734-7993-bfa3-2551310c11a4,019f5b93-7a65-7d47-87ee-03917cc842f8,7,From plan: Lower Priority,0,0
01a004e5-15bf-7546-ae26-0aecc91b97d5,01a004e4-aa04-7a3d-a787-cac3a9ae0f56,019f5b93-7a51-7a3d-8fd2-6c1c92153d0e,0,,0,0
01a004e5-7167-72ac-ba53-4ad7d24ee764,01a004e4-aa04-7a3d-a787-cac3a9ae0f56,019f5b93-7a56-72bd-ba8e-da56b8793144,1,,0,0
01a004e9-5d1d-78fc-b660-5714ffd02939,01a004e4-aa04-7a3d-a787-cac3a9ae0f56,019f5b93-7a5e-7ab7-b09f-c5b10caea84b,2,,0,0
01a004ef-7740-7918-9601-dc5af4cd3d43,01a004e4-aa04-7a3d-a787-cac3a9ae0f56,019f5b93-7a5d-7720-a72a-7fb31c1566c9,3,,0,0
01a00500-56c9-7f95-b742-3189c9478a8d,01a004e4-aa04-7a3d-a787-cac3a9ae0f56,019f7c42-85ba-7cb6-9562-c33af2766ad9,4,,0,0
01a00500-9bdc-75bd-ac15-58604402d2d6,01a004e4-aa04-7a3d-a787-cac3a9ae0f56,019f5b93-7a69-7aab-bdd2-039bddf626fc,5,,0,0
01a0194d-1d74-7245-872f-e693ceb3a615,01a0194b-4b39-77f2-8d09-a837fa234918,019f5b93-7a60-7812-b880-866e25952f96,0,,0,0
01a01953-df38-7643-a264-713b19dc5cc5,01a0194b-4b39-77f2-8d09-a837fa234918,019f5b93-7a5f-725d-8cd0-3379178e84ba,1,,0,0
01a01959-d556-7386-ac67-aa8b97dadcbc,01a0194b-4b39-77f2-8d09-a837fa234918,019f5b93-7a62-721f-b956-5cd7146b2833,2,,0,0
01a01961-df76-7bf7-8214-f557042518fd,01a0194b-4b39-77f2-8d09-a837fa234918,019f5b93-7a52-7671-83ff-fe19b6ca9987,3,,0,0
01a01969-557d-71e5-8959-b33dd99b700a,01a0194b-4b39-77f2-8d09-a837fa234918,019f5b93-7a56-72bd-ba8e-da56b8793144,4,,0,0
01a01973-1d45-74cb-8443-d62e9037075f,01a0194b-4b39-77f2-8d09-a837fa234918,019f5b93-7a69-7aab-bdd2-039bddf626fc,5,,0,0
01a01975-1151-75fd-9ad4-9d2d25f6f002,01a0194b-4b39-77f2-8d09-a837fa234918,019f7c42-85ba-7cb6-9562-c33af2766ad9,6,,0,0
01a0197d-2b8e-7742-91b1-c47ddf9ad137,01a0194b-4b39-77f2-8d09-a837fa234918,019f5b93-7a65-7d47-87ee-03917cc842f8,7,,0,0
01a02911-7ca3-735a-8b9f-7bc48c85c743,01a0290a-607c-7c95-bb6a-194ace850aba,019f5b93-7a52-7671-83ff-fe19b6ca9987,0,,0,0
01a02915-352c-7203-8dbf-a4b0136afbde,01a0290a-607c-7c95-bb6a-194ace850aba,019f5b93-7a5b-74bf-95c9-13bb9c886a04,1,,0,0
01a0291c-e82c-7672-9dbe-3c3e47429087,01a0290a-607c-7c95-bb6a-194ace850aba,019f5b93-7a51-7a3d-8fd2-6c1c92153d0e,2,,0,0
01a02921-2a49-7417-b674-1b738751bbfb,01a0290a-607c-7c95-bb6a-194ace850aba,019f5b93-7a58-79db-9ab5-04ad36afe503,3,,0,0
01a02929-18c3-7349-abfc-0f08a600b2ed,01a0290a-607c-7c95-bb6a-194ace850aba,019f5b93-7a54-7455-be55-53e12538c924,4,,0,0
01a0292e-5021-7a63-a2b7-63bd02f4e833,01a0290a-607c-7c95-bb6a-194ace850aba,019f5b93-7a5d-7720-a72a-7fb31c1566c9,5,,0,0
01a02935-6d52-7f5a-bf4f-b9e80be9091a,01a0290a-607c-7c95-bb6a-194ace850aba,019f5b93-7a66-77e2-8b9a-6c1e8d5398c8,6,,0,0
01a0337d-4cf9-72c3-ab9c-209a49801113,01a03371-7a32-723a-ab65-34d00d5b13be,019f5b93-7a56-72bd-ba8e-da56b8793144,0,,0,0
01a0337e-195a-7ead-9131-2106e3fc8f1b,01a03371-7a32-723a-ab65-34d00d5b13be,019f5ca1-f8cd-745f-8442-41704e6cdfe1,1,,0,0
01a0338b-bad2-72e5-8425-31b09594802e,01a03371-7a32-723a-ab65-34d00d5b13be,019f5b93-7a69-7aab-bdd2-039bddf626fc,2,,0,0
01a0338c-1acb-7f7f-b76f-3933f0b612c3,01a03371-7a32-723a-ab65-34d00d5b13be,019f5b93-7a5e-7ab7-b09f-c5b10caea84b,3,,0,0
01a03394-950b-7a2b-b89a-c76f54989982,01a03371-7a32-723a-ab65-34d00d5b13be,019f5b93-7a62-721f-b956-5cd7146b2833,4,,0,0
01a03395-3179-780b-b171-9f7668383684,01a03371-7a32-723a-ab65-34d00d5b13be,019f5b93-7a67-7959-b537-8a01d68f2b31,5,,0,0
01a03399-583e-7317-8f98-47f8f3338659,01a03371-7a32-723a-ab65-34d00d5b13be,019f5b93-7a63-7ab5-a325-35c981a1b36d,6,,0,0
01a03db3-cffd-77ce-81bc-6cca59a5ef3d,01a03da9-d2a8-773b-a812-a487983fd5a3,019f5b93-7a60-7812-b880-866e25952f96,0,,0,0
01a03db9-d195-7b3d-8632-0f11877dff19,01a03da9-d2a8-773b-a812-a487983fd5a3,019f5b93-7a5f-725d-8cd0-3379178e84ba,1,,0,0
01a03dbf-a336-7a18-97d7-888f7987ec25,01a03da9-d2a8-773b-a812-a487983fd5a3,019f5b93-7a51-7a3d-8fd2-6c1c92153d0e,2,,0,0
01a03dc9-9edf-7489-b788-4b985727f984,01a03da9-d2a8-773b-a812-a487983fd5a3,019f5b93-7a62-721f-b956-5cd7146b2833,3,,0,0
01a04ccc-bc19-76ad-b25d-0e3a344218d3,01a04cc9-0ffc-7765-9467-c6bcd7137f60,019f5b93-7a52-7671-83ff-fe19b6ca9987,0,,0,0
01a04cd6-0f15-7b71-8fca-bc89f8e6825f,01a04cc9-0ffc-7765-9467-c6bcd7137f60,019f5b93-7a56-72bd-ba8e-da56b8793144,1,,0,0
01a04cdc-d268-7df0-a1bd-c3cc7b30eb5d,01a04cc9-0ffc-7765-9467-c6bcd7137f60,019f5b93-7a5f-725d-8cd0-3379178e84ba,2,,0,0
01a04ce8-6507-7952-b7ba-33e68f74d12c,01a04cc9-0ffc-7765-9467-c6bcd7137f60,019f5b93-7a51-7a3d-8fd2-6c1c92153d0e,3,,0,0
01a04cea-8992-743f-b3e7-fa7a5ebe8857,01a04cc9-0ffc-7765-9467-c6bcd7137f60,019f5b93-7a5b-74bf-95c9-13bb9c886a04,4,,0,0
01a04cf7-5c62-7664-9111-195090cf5024,01a04cc9-0ffc-7765-9467-c6bcd7137f60,019f5b93-7a66-77e2-8b9a-6c1e8d5398c8,5,,0,0
01a04cf7-fe5c-7961-96cb-e995aa4d65e5,01a04cc9-0ffc-7765-9467-c6bcd7137f60,019f5b93-7a5d-7720-a72a-7fb31c1566c9,6,,0,0
01a05786-949e-7c39-9d3f-a2390a7907dc,01a0577f-3a36-7edc-b911-9b00cff81e66,019f5ca1-f8cd-745f-8442-41704e6cdfe1,0,,0,0
01a0578d-037f-7831-b2fe-0dbc683550db,01a0577f-3a36-7edc-b911-9b00cff81e66,019f5b93-7a56-72bd-ba8e-da56b8793144,1,,0,0
01a05797-40e9-7f8e-8c87-b993dfba085d,01a0577f-3a36-7edc-b911-9b00cff81e66,019f5b93-7a57-7e12-acaf-008b26bee260,2,,0,0
01a0579e-4b14-75f2-aaa6-a4e2571addc7,01a0577f-3a36-7edc-b911-9b00cff81e66,019f5b93-7a5e-7ab7-b09f-c5b10caea84b,3,,0,0
01a06185-344c-7829-b8d5-c5eb8e016c6c,01a06184-405e-784c-a619-34b1b6e0f990,019f5b93-7a5f-725d-8cd0-3379178e84ba,0,,0,0
01a06193-432d-7a43-bbd8-ca41bccbb786,01a06184-405e-784c-a619-34b1b6e0f990,019f5b93-7a63-7ab5-a325-35c981a1b36d,1,,0,0
01a0619e-5a13-7831-8201-3b2555e75172,01a06184-405e-784c-a619-34b1b6e0f990,019f5b93-7a62-721f-b956-5cd7146b2833,2,,0,0
01a061a5-477c-7e49-90ec-95344f5668fa,01a06184-405e-784c-a619-34b1b6e0f990,019f5b93-7a52-7671-83ff-fe19b6ca9987,3,,0,0
01a061a6-3d82-7ff5-9b40-c45bf0a9da89,01a06184-405e-784c-a619-34b1b6e0f990,019f5b93-7a69-7aab-bdd2-039bddf626fc,4,,0,0
01a061a9-3539-71f7-a278-2788faed14c9,01a06184-405e-784c-a619-34b1b6e0f990,019f5b93-7a66-77e2-8b9a-6c1e8d5398c8,5,,0,0
01a070f2-66ec-76da-9c9f-54cd14bdf5b4,01a070ec-3d66-7d86-89e1-e37ed3cd68e7,019f5b93-7a52-7671-83ff-fe19b6ca9987,0,,0,0
01a070fb-aad8-7cec-8f8e-d9aa26a751dc,01a070ec-3d66-7d86-89e1-e37ed3cd68e7,019f5b93-7a54-7455-be55-53e12538c924,1,,0,0
01a07105-ba88-7d13-8e05-9d41b8823fb6,01a070ec-3d66-7d86-89e1-e37ed3cd68e7,019f5b93-7a5b-74bf-95c9-13bb9c886a04,2,,0,0
01a0710c-7c25-73c2-a14e-b788da795c92,01a070ec-3d66-7d86-89e1-e37ed3cd68e7,019f5b93-7a51-7a3d-8fd2-6c1c92153d0e,3,,0,0
01a07116-42d9-7499-b46f-1607fe9354fe,01a070ec-3d66-7d86-89e1-e37ed3cd68e7,019f5b93-7a53-7f68-9538-4c3141e0b831,4,,0,0
01a07116-f1d4-74a3-94cf-0e847d549304,01a070ec-3d66-7d86-89e1-e37ed3cd68e7,019f5b93-7a58-79db-9ab5-04ad36afe503,5,,0,0
01a0711c-1bf9-7a04-811d-5ff35085cc7b,01a070ec-3d66-7d86-89e1-e37ed3cd68e7,019f5b93-7a62-721f-b956-5cd7146b2833,6,,0,0
01a07b8d-5ac9-733d-b3a0-43e7bcf0d7ce,01a07b7b-7dac-7bfc-a70a-428ee40656f2,019f5b93-7a56-72bd-ba8e-da56b8793144,0,,0,0
01a07b8e-b4f4-7505-916c-50ed88652c2e,01a07b7b-7dac-7bfc-a70a-428ee40656f2,019f5b93-7a58-79db-9ab5-04ad36afe503,1,,0,0
01a07b8f-9617-71b6-b19f-ba831c486f00,01a07b7b-7dac-7bfc-a70a-428ee40656f2,019f5ca1-f8cd-745f-8442-41704e6cdfe1,2,,0,0
01a07b9c-f5db-75e1-9e90-bbce617474ae,01a07b7b-7dac-7bfc-a70a-428ee40656f2,019f5b93-7a65-7d47-87ee-03917cc842f8,3,,0,0
01a07ba9-3f85-70b7-9d53-7e3a998c05d4,01a07b7b-7dac-7bfc-a70a-428ee40656f2,019f5b93-7a69-7aab-bdd2-039bddf626fc,4,,0,0
01a08564-87bc-719c-a5fd-05a8401dcb45,01a08564-3dd5-778e-87cb-1972ce11c37b,019f5b93-7a60-7812-b880-866e25952f96,0,,0,0
01a08565-14ca-713f-8c35-9d16ce174ade,01a08564-3dd5-778e-87cb-1972ce11c37b,019f5b93-7a5f-725d-8cd0-3379178e84ba,1,,0,0
01a0856e-c195-7a25-be38-04ec892330e5,01a08564-3dd5-778e-87cb-1972ce11c37b,019f5b93-7a62-721f-b956-5cd7146b2833,2,,0,0
01a0856f-0d0a-70f5-b755-5a584444f7ca,01a08564-3dd5-778e-87cb-1972ce11c37b,019f5b93-7a63-7ab5-a325-35c981a1b36d,3,,0,0
01a094fb-4cdd-78b6-b443-025a525d24c2,01a094f1-f771-734b-8b7c-29b47afe3d01,019f5b93-7a52-7671-83ff-fe19b6ca9987,0,,0,0
01a09503-869e-712f-a852-94a79137f44c,01a094f1-f771-734b-8b7c-29b47afe3d01,019f5b93-7a54-7455-be55-53e12538c924,1,,0,0
01a09504-4abb-7905-87aa-01f3840f5332,01a094f1-f771-734b-8b7c-29b47afe3d01,019f5b93-7a5b-74bf-95c9-13bb9c886a04,2,,0,0
01a09511-0e52-75f8-a2d1-92f2f2942f1f,01a094f1-f771-734b-8b7c-29b47afe3d01,019f5b93-7a51-7a3d-8fd2-6c1c92153d0e,3,,0,0
01a09519-c3d1-7cab-ae39-ca1e10d3f247,01a094f1-f771-734b-8b7c-29b47afe3d01,019f7c42-85ba-7cb6-9562-c33af2766ad9,4,,0,0
01a09522-dce5-729d-9b14-bd68af4c8e0d,01a094f1-f771-734b-8b7c-29b47afe3d01,019f5b93-7a69-7aab-bdd2-039bddf626fc,5,,0,0
01a09f50-b28c-7e06-8b34-6fccaac9e2cb,01a09f4f-fd79-732e-bc07-ada20831579c,019f5b93-7a56-72bd-ba8e-da56b8793144,0,,0,0
01a09f58-69ad-7c73-b246-6083dd6d9b62,01a09f4f-fd79-732e-bc07-ada20831579c,019f5b93-7a5e-7ab7-b09f-c5b10caea84b,1,,0,0
01a09f5f-64cf-7abe-bac1-e085bbd0e7d4,01a09f4f-fd79-732e-bc07-ada20831579c,019f5b93-7a58-79db-9ab5-04ad36afe503,2,,0,0
01a09f78-babd-7aa4-8f8a-b5d58bffd69f,01a09f4f-fd79-732e-bc07-ada20831579c,019f5ca1-f8cd-745f-8442-41704e6cdfe1,3,,0,0
01a0a9a8-3d7a-707a-b9e6-39fb5e09df57,01a0a997-f8c1-7b2a-8122-b8252f490a8d,019f5b93-7a5f-725d-8cd0-3379178e84ba,0,,0,0
01a0a9a8-f265-7e70-b502-821222975b1d,01a0a997-f8c1-7b2a-8122-b8252f490a8d,019f5b93-7a63-7ab5-a325-35c981a1b36d,1,,0,0
01a0a9af-498e-7b7d-9010-452327a4866a,01a0a997-f8c1-7b2a-8122-b8252f490a8d,019f5b93-7a5d-7720-a72a-7fb31c1566c9,2,,0,0
01a0a9b6-d7c5-72c4-a858-5bf7cb4b9259,01a0a997-f8c1-7b2a-8122-b8252f490a8d,019f5b93-7a66-77e2-8b9a-6c1e8d5398c8,3,,0,0
01a0a9bf-5578-743d-8241-4e18c0fcb2cb,01a0a997-f8c1-7b2a-8122-b8252f490a8d,019f5b93-7a69-7aab-bdd2-039bddf626fc,4,,0,0
01a0a9c0-653d-75fa-87bd-a063a136567d,01a0a997-f8c1-7b2a-8122-b8252f490a8d,019f5b93-7a65-7d47-87ee-03917cc842f8,5,,0,0
01a0cde4-4694-7202-b80e-1d6c40f48c76,01a0cdde-20d1-79fd-bafe-6d4df5f1df58,019f5b93-7a5f-725d-8cd0-3379178e84ba,0,,0,0
01a0cde9-8a11-7d67-a688-f2a749c8b0ee,01a0cdde-20d1-79fd-bafe-6d4df5f1df58,019f5b93-7a62-721f-b956-5cd7146b2833,1,,0,0
01a0cdf7-92c4-7f17-876a-832b4b2eb623,01a0cdde-20d1-79fd-bafe-6d4df5f1df58,019f5b93-7a63-7ab5-a325-35c981a1b36d,2,,0,0
01a0dd45-9545-7230-bbc9-3f438fa3d08a,01a0dd41-470e-7708-93bf-b12f3215ec35,019f5b93-7a54-7455-be55-53e12538c924,0,,0,0
01a0dd4c-ee96-7aca-906e-26d68061bf6c,01a0dd41-470e-7708-93bf-b12f3215ec35,019f5b93-7a5b-74bf-95c9-13bb9c886a04,1,,0,0
01a0dd61-eecf-7135-af47-0aeb1e0bf624,01a0dd41-470e-7708-93bf-b12f3215ec35,019f5b93-7a69-7aab-bdd2-039bddf626fc,2,,0,0
01a0dd63-5868-7133-9367-29985e058d84,01a0dd41-470e-7708-93bf-b12f3215ec35,019f7c42-85ba-7cb6-9562-c33af2766ad9,3,,0,0
01a0dd6c-b3b3-7e17-a8db-3c5f106647b0,01a0dd41-470e-7708-93bf-b12f3215ec35,019f5b93-7a52-7671-83ff-fe19b6ca9987,4,,0,0
01a0dd73-f660-7102-a666-1024d834ad40,01a0dd41-470e-7708-93bf-b12f3215ec35,019f5b93-7a6a-78bf-b58d-e07a882d007f,5,,0,0
01a0dd75-6bf6-7b88-95e8-53d0fbbd5669,01a0dd41-470e-7708-93bf-b12f3215ec35,019f5b93-7a66-77e2-8b9a-6c1e8d5398c8,6,,0,0
