id,plan_id,status,started_at,ended_at,notes,profile_id
019f5b96-32bc-7490-9edf-9945af8eceb4,,ABANDONED,2026-07-13 13:06:37.886550,2026-07-13 15:42:33.613429,,00000000-0000-0000-0000-000000000001
019f5c25-0153-77d1-bfe1-82192924336d,,ABANDONED,2026-07-13 15:42:36.892216,2026-07-13 15:42:40.749720,,00000000-0000-0000-0000-000000000001
019f5c25-1c6b-764d-9f24-38cdc36adf38,,ABANDONED,2026-07-13 15:42:43.820800,2026-07-13 15:42:51.115496,,00000000-0000-0000-0000-000000000001
019f5c26-1883-7a02-af09-f769bb3177ca,,ABANDONED,2026-07-13 15:43:48.356384,2026-07-13 15:43:50.900817,,00000000-0000-0000-0000-000000000001
019f5c9d-f924-7e3e-9fa5-8d0cca14e464,,COMPLETED,2026-07-13 17:54:44.644335,2026-07-13 18:01:37.391123,,00000000-0000-0000-0000-000000000001
019f5cb4-4771-7096-b619-e590d205bd1f,,COMPLETED,2026-07-11 18:00:00.000000,2026-07-13 18:22:38.890905,,00000000-0000-0000-0000-000000000001
019f5cb8-0d4b-7e4e-bd92-48c4b74bc27f,,COMPLETED,2026-07-09 18:00:00.000000,2026-07-13 18:25:26.243411,,00000000-0000-0000-0000-000000000001
019f5cbb-7e96-79ff-99a4-526d7aa3fa6a,,ABANDONED,2026-07-13 18:26:59.350710,2026-07-13 18:27:06.806971,,00000000-0000-0000-0000-000000000001
019f74d9-acc8-74d4-9b08-38c1c1713e73,,COMPLETED,2026-07-18 10:50:50.440869,2026-07-18 11:35:25.405147,,00000000-0000-0000-0000-000000000001
019f75e5-5725-7fc1-ba92-6456eb04ec6f,,ABANDONED,2026-07-18 15:43:12.165766,2026-07-18 15:43:24.123845,,00000000-0000-0000-0000-000000000001
019f7731-36df-79d9-b433-a7175a79ea51,,ABANDONED,2026-07-18 21:45:41.855737,2026-07-18 21:45:48.394974,,00000000-0000-0000-0000-000000000001
019f7731-5de7-72e2-9b1d-6405fd58a046,019f7195-7643-760f-b5f3-1b517681693d,ABANDONED,2026-07-18 21:45:51.847257,2026-07-18 21:46:08.245586,,00000000-0000-0000-0000-000000000001
019f7732-b02b-7d59-8f68-aa8fcfd3207e,019f719f-f3c4-712e-9bdf-23d343f4c8f8,ABANDONED,2026-07-18 21:47:18.444474,2026-07-18 21:47:23.594463,,00000000-0000-0000-0000-000000000001
019f7739-93c9-711b-98c4-628bd89b0707,019f7195-7643-760f-b5f3-1b517681693d,ABANDONED,2026-07-18 21:54:49.930085,2026-07-18 21:58:07.013841,,00000000-0000-0000-0000-000000000001
019f773f-a836-7791-a3c0-079ad2865b13,,ABANDONED,2026-07-18 22:01:28.374863,2026-07-18 22:01:32.409353,,00000000-0000-0000-0000-000000000001
019f773f-c7b3-7f81-a8c8-9e3ab358a7d2,019f7195-7643-760f-b5f3-1b517681693d,ABANDONED,2026-07-18 22:01:36.436058,2026-07-18 22:02:08.240997,,00000000-0000-0000-0000-000000000001
019f7c19-f12b-7dc1-b378-6ff04c9ca230,019f719f-f3c4-712e-9bdf-23d343f4c8f8,ABANDONED,2026-07-19 20:38:22.764117,2026-07-19 20:38:46.332843,,00000000-0000-0000-0000-000000000001
019f7c1d-2276-749c-975a-8a04d15ff7ad,019f7195-7643-760f-b5f3-1b517681693d,ABANDONED,2026-07-19 20:41:51.990169,2026-07-19 20:43:30.167955,,00000000-0000-0000-0000-000000000001
019f7c1f-fb90-787d-8113-43965948f2be,019f7195-7643-760f-b5f3-1b517681693d,ABANDONED,2026-07-19 20:44:58.640921,2026-07-19 20:47:35.404565,,00000000-0000-0000-0000-000000000001
019f7f2e-1dde-7e50-821e-88c3044b7040,019f7195-7643-760f-b5f3-1b517681693d,COMPLETED,2026-07-20 10:59:16.574265,2026-07-20 11:39:17.146406,,00000000-0000-0000-0000-000000000001
019f8938-47f1-79ac-88dd-d4ac159711fa,019f7c0e-3cc3-7bbe-97cf-472702633291,COMPLETED,2026-07-22 09:46:34.865660,2026-07-22 10:36:34.020679,,00000000-0000-0000-0000-000000000001
019f98bd-6b35-777f-b325-c1f31e5fc56c,019f719f-f3c4-712e-9bdf-23d343f4c8f8,ABANDONED,2026-07-25 10:06:18.421849,2026-07-25 10:06:33.258667,,00000000-0000-0000-0000-000000000001
019f98db-7611-7117-addd-c51158fe0983,019f719f-f3c4-712e-9bdf-23d343f4c8f8,COMPLETED,2026-07-25 10:39:07.282141,2026-07-25 11:14:19.707684,,00000000-0000-0000-0000-000000000001
019f9916-fdd2-7b60-bb71-f9416b2ed196,019f719f-f3c4-712e-9bdf-23d343f4c8f8,ABANDONED,2026-07-25 11:44:08.658332,2026-07-25 11:44:17.254193,,00000000-0000-0000-0000-000000000001
019fa34f-3e42-7bf9-9529-39d131dbb5b5,019f7195-7643-760f-b5f3-1b517681693d,COMPLETED,2026-07-27 11:21:47.330939,2026-07-27 12:03:30.063951,,00000000-0000-0000-0000-000000000001
019fad21-12a9-7d76-83bb-328e3bf945a3,019f7c0e-3cc3-7bbe-97cf-472702633291,COMPLETED,2026-07-29 09:07:33.674014,2026-07-29 10:09:06.573414,,00000000-0000-0000-0000-000000000001
019fbcce-add9-79ba-8e71-34fdec4a7705,,ABANDONED,2026-08-01 10:11:29.370018,2026-08-01 10:11:31.914145,,00000000-0000-0000-0000-000000000001
019fbcce-f5df-7b72-80b5-427037a5d97b,019f719f-f3c4-712e-9bdf-23d343f4c8f8,COMPLETED,2026-08-01 10:11:47.807160,2026-08-01 11:10:51.867247,,00000000-0000-0000-0000-000000000001
019fbd36-eb8a-7d2c-94c1-f38484788293,019f719f-f3c4-712e-9bdf-23d343f4c8f8,ABANDONED,2026-08-01 12:05:20.907106,2026-08-01 14:40:41.899039,,00000000-0000-0000-0000-000000000001
019fc7d0-7d34-7bb8-aa5d-191a155f10d5,019f7c0e-3cc3-7bbe-97cf-472702633291,COMPLETED,2026-08-03 13:29:17.364412,2026-08-03 14:18:47.807376,,00000000-0000-0000-0000-000000000001
019fd189-f6a6-7700-a52d-101064e81685,019f7195-7643-760f-b5f3-1b517681693d,ABANDONED,2026-08-05 10:48:27.558803,2026-08-05 11:09:34.105084,,00000000-0000-0000-0000-000000000001
019fd19d-5520-7592-b71b-15d37bdc7bfc,,COMPLETED,2026-08-05 11:09:36.928619,2026-08-05 11:25:13.301872,,00000000-0000-0000-0000-000000000001
019fe0e1-7c41-7ee0-a231-926dcea7b079,019f719f-f3c4-712e-9bdf-23d343f4c8f8,COMPLETED,2026-08-08 10:18:21.633732,2026-08-08 11:27:28.401633,,00000000-0000-0000-0000-000000000001
019feae6-7ca9-7de5-97d2-6522553aabd0,019f7c0e-3cc3-7bbe-97cf-472702633291,COMPLETED,2026-08-10 09:00:01.577901,2026-08-10 10:00:11.866087,,00000000-0000-0000-0000-000000000001
019ff55d-7734-7993-bfa3-2551310c11a4,019f7195-7643-760f-b5f3-1b517681693d,COMPLETED,2026-08-12 09:46:11.125066,2026-08-12 10:38:54.003705,,00000000-0000-0000-0000-000000000001
01a004e4-aa04-7a3d-a787-cac3a9ae0f56,,COMPLETED,2026-08-15 10:08:09.732822,2026-08-15 10:38:43.996561,,00000000-0000-0000-0000-000000000001
01a0194b-4b39-77f2-8d09-a837fa234918,,COMPLETED,2026-08-19 09:12:39.993160,2026-08-19 10:07:13.187231,,00000000-0000-0000-0000-000000000001
01a0290a-607c-7c95-bb6a-194ace850aba,,COMPLETED,2026-08-22 10:35:41.053001,2026-08-22 12:03:57.867965,,00000000-0000-0000-0000-000000000001
01a03371-7a32-723a-ab65-34d00d5b13be,,COMPLETED,2026-08-24 11:04:30.002339,2026-08-24 11:48:05.944008,,00000000-0000-0000-0000-000000000001
01a03da9-d2a8-773b-a812-a487983fd5a3,,COMPLETED,2026-08-26 10:42:14.825144,2026-08-26 15:21:00.405177,,00000000-0000-0000-0000-000000000001
01a04cc9-0ffc-7765-9467-c6bcd7137f60,,COMPLETED,2026-08-29 09:10:40.380787,2026-08-29 10:48:41.064234,,00000000-0000-0000-0000-000000000001
01a0577f-3a36-7edc-b911-9b00cff81e66,,ABANDONED,2026-08-31 11:05:50.903047,2026-09-02 09:28:56.797793,,00000000-0000-0000-0000-000000000001
01a06184-405e-784c-a619-34b1b6e0f990,,COMPLETED,2026-09-02 09:47:32.318668,2026-09-02 10:28:01.233776,,00000000-0000-0000-0000-000000000001
01a070ec-3d66-7d86-89e1-e37ed3cd68e7,,COMPLETED,2026-09-05 09:35:25.542475,2026-09-05 11:06:34.375219,,00000000-0000-0000-0000-000000000001
01a07b7b-7dac-7bfc-a70a-428ee40656f2,,COMPLETED,2026-09-07 10:48:05.804524,2026-09-07 11:38:54.139447,,00000000-0000-0000-0000-000000000001
01a08564-3dd5-778e-87cb-1972ce11c37b,,COMPLETED,2026-09-09 08:58:54.294964,2026-09-09 09:18:58.426511,,00000000-0000-0000-0000-000000000001
01a094f1-f771-734b-8b7c-29b47afe3d01,,COMPLETED,2026-09-12 09:28:00.625638,2026-09-12 10:23:15.990685,,00000000-0000-0000-0000-000000000001
01a09f4f-fd79-732e-bc07-ada20831579c,,COMPLETED,2026-09-14 09:46:54.713289,2026-09-14 10:33:05.149628,,00000000-0000-0000-0000-000000000001
01a0a997-f8c1-7b2a-8122-b8252f490a8d,,COMPLETED,2026-09-16 09:41:44.257474,2026-09-16 10:29:41.620216,,00000000-0000-0000-0000-000000000001
01a0cdde-20d1-79fd-bafe-6d4df5f1df58,,COMPLETED,2026-09-23 10:44:41.809593,2026-09-23 11:22:29.028710,,00000000-0000-0000-0000-000000000001
01a0dd41-470e-7708-93bf-b12f3215ec35,,COMPLETED,2026-09-26 10:27:17.902371,2026-09-26 11:30:44.062067,,00000000-0000-0000-0000-000000000001
01a0dfdf-ba5d-7f80-92ac-316365afe52d,,ABANDONED,2026-09-26 22:39:36.541869,2026-09-26 22:39:49.624745,,00000000-0000-0000-0000-000000000001
01a0dfe0-dee6-74df-b3ec-86e9d71a17ff,,ABANDONED,2026-09-26 22:40:51.432738,2026-09-26 22:45:54.684169,,00000000-0000-0000-0000-000000000001
01a0e00e-a1f8-7bf0-ad7d-3f059a5c678f,,ABANDONED,2026-09-26 23:30:50.488288,2026-09-27 21:20:00.226246,,00000000-0000-0000-0000-000000000001
01a0e7b4-50e2-71e6-b9f5-fc8c89906edf,,ABANDONED,2026-09-28 11:09:09.218196,2026-09-30 10:36:51.216483,,00000000-0000-0000-0000-000000000001
01a0f1e3-8e99-705e-bfa1-7b7d4714e4fe,,ABANDONED,2026-09-30 10:36:57.371588,2026-09-30 10:42:49.228125,,00000000-0000-0000-0000-000000000001
