id,performed_exercise_id,set_order,weight,reps,rpe,rir,set_type
019f5c9e-94c3-7e79-bb67-a43081a42eb6,019f5c9e-94ad-7ee7-8d64-45fd45c7beb6,0,25,12,,,working
019f5c9e-9519-79e5-857c-5a8f136c3b59,019f5c9e-94ad-7ee7-8d64-45fd45c7beb6,1,30,12,,,working
019f5c9e-955b-7558-8fa3-d7316c5640e3,019f5c9e-94ad-7ee7-8d64-45fd45c7beb6,2,30,12,,,working
019f5c9e-960e-7f15-a130-d781dffc3711,019f5c9e-94ad-7ee7-8d64-45fd45c7beb6,3,35,10,,,working
019f5c9e-ea76-7c5e-b3ed-322e4a4e6249,019f5c9e-ea70-7cdf-8ff0-d3694d9b6bfa,0,10,12,,,working
019f5c9e-eac1-7cc8-835d-72f6e9590268,019f5c9e-ea70-7cdf-8ff0-d3694d9b6bfa,1,10,12,,,working
019f5c9e-eb09-719c-bc0d-0059dd63b40a,019f5c9e-ea70-7cdf-8ff0-d3694d9b6bfa,2,10,12,,,working
019f5ca2-7dd1-70f0-a56b-1bc681bd07d9,019f5ca2-7db9-7e0f-b55c-8895a5fb5505,0,25,12,,,working
019f5ca2-7e23-7cbb-bde7-1a88fab6d3a0,019f5ca2-7db9-7e0f-b55c-8895a5fb5505,1,25,12,,,working
019f5ca2-7e63-7724-b34f-c11ad8873a1e,019f5ca2-7db9-7e0f-b55c-8895a5fb5505,2,25,12,,,working
019f5ca3-2fb2-769a-a0be-2791fe98a8de,019f5ca3-2fad-7502-b2ff-fb7bbfc116ee,0,10,12,,,working
019f5ca3-2ffc-7dd2-83ec-03e686ad0ac9,019f5ca3-2fad-7502-b2ff-fb7bbfc116ee,1,10,12,,,working
019f5ca3-304b-7ee9-b4ab-be7371807aaf,019f5ca3-2fad-7502-b2ff-fb7bbfc116ee,2,10,12,,,working
019f5ca3-8210-79f1-beb4-b55c5eb1a4f9,019f5ca3-8209-7332-a264-988b0b2b6239,0,8,12,,,working
019f5ca3-824e-7e9a-83f7-60dd67ade35c,019f5ca3-8209-7332-a264-988b0b2b6239,1,8,12,,,working
019f5ca3-828f-7f55-bf50-c0ffa880f7d6,019f5ca3-8209-7332-a264-988b0b2b6239,2,8,12,,,working
019f5cb5-4552-7ec2-a9f4-0d2d2d417ac2,019f5cb5-4536-757e-9dc5-44d6c0fa0af0,0,10,12,,,working
019f5cb5-45ad-7976-86bf-74ecf8b3c2ae,019f5cb5-4536-757e-9dc5-44d6c0fa0af0,1,20,10,,,working
019f5cb5-45f7-73d5-9336-6d5ba8678476,019f5cb5-4536-757e-9dc5-44d6c0fa0af0,2,40,8,,,working
019f5cb5-4638-742b-be28-ba0620b2f2a4,019f5cb5-4536-757e-9dc5-44d6c0fa0af0,3,40,8,,,working
019f5cb5-acb0-728f-8da1-087d3e73a843,019f5cb5-aca7-7e80-820a-b081da2adfa7,0,50,12,,,working
019f5cb5-ad00-769b-af1a-f3af0940817b,019f5cb5-aca7-7e80-820a-b081da2adfa7,1,60,12,,,working
019f5cb5-ad56-742f-b387-5906898e80cb,019f5cb5-aca7-7e80-820a-b081da2adfa7,2,70,12,,,working
019f5cb5-ada5-7806-ad98-4cbb5a9a5de7,019f5cb5-aca7-7e80-820a-b081da2adfa7,3,80,10,,,working
019f5cb6-6d4c-7278-93e1-00401ea4c929,019f5cb6-6d47-714e-a775-6e198f8fb0be,0,30,20,,,working
019f5cb6-6d88-76ca-a8a5-75ee84079c98,019f5cb6-6d47-714e-a775-6e198f8fb0be,1,30,20,,,working
019f5cb6-c710-7fab-8a9c-869277c3b2d3,019f5cb6-c70d-73ed-bff4-4ff7bfafebd8,0,20,12,,,working
019f5cb6-c752-7df2-b980-8e217cb651ef,019f5cb6-c70d-73ed-bff4-4ff7bfafebd8,1,25,12,,,working
019f5cb6-c78d-75f9-977e-97b0676cc6cd,019f5cb6-c70d-73ed-bff4-4ff7bfafebd8,2,25,10,,,working
019f5cb7-06fe-7145-bc2d-7179a3cb0bc9,019f5cb7-06f6-7a8f-be66-b671d060340d,0,20,12,,,working
019f5cb7-0746-7f5b-a520-365c4a855059,019f5cb7-06f6-7a8f-be66-b671d060340d,1,20,12,,,working
019f5cb7-07a1-719d-8d4a-318817f9400f,019f5cb7-06f6-7a8f-be66-b671d060340d,2,25,10,,,working
019f5cb8-de99-7526-80be-f8efcf118700,019f5cb8-de92-7729-8c9e-76034189e1a2,0,25,10,,,working
019f5cb8-def3-7866-9b53-d4aafc226b49,019f5cb8-de92-7729-8c9e-76034189e1a2,1,25,10,,,working
019f5cb8-df48-7237-9cd2-dc529ea27bf8,019f5cb8-de92-7729-8c9e-76034189e1a2,2,30,10,,,working
019f5cb8-df9a-7c52-8d35-425f7f499cbd,019f5cb8-de92-7729-8c9e-76034189e1a2,3,35,8,,,working
019f5cb9-6471-7876-9033-5e4a9ad89446,019f5cb9-646b-724e-97f0-7adb393d3aca,0,25,12,,,working
019f5cb9-64b3-7ee8-a247-17eed1b34932,019f5cb9-646b-724e-97f0-7adb393d3aca,1,25,12,,,working
019f5cb9-64ef-774f-8f6d-f17d4ee9197c,019f5cb9-646b-724e-97f0-7adb393d3aca,2,30,10,,,working
019f5cb9-6529-7290-a172-94f7779a7f84,019f5cb9-646b-724e-97f0-7adb393d3aca,3,35,8,,,working
019f5cb9-cead-7a2c-99c0-7670e25dda85,019f5cb9-cea8-71d2-8288-6cccc80f044a,0,10,12,,,working
019f5cb9-cef9-7119-9096-da80280859e7,019f5cb9-cea8-71d2-8288-6cccc80f044a,1,10,12,,,working
019f5cb9-cf65-7a89-9cbf-9a033a8a4469,019f5cb9-cea8-71d2-8288-6cccc80f044a,2,15,10,,,working
019f74e2-96e3-79ae-99a1-debf4994b66f,019f74d9-acd4-70d5-9e60-8b696d7194de,0,20,8,,,working
019f74e2-975d-738f-96b4-cabc9338d880,019f74d9-acd4-70d5-9e60-8b696d7194de,1,20,8,,,working
019f74e2-9803-7f02-80c0-16a9c16cb7e4,019f74d9-acd4-70d5-9e60-8b696d7194de,2,20,8,,,working
019f74e2-989f-7a00-af17-de3833b9673f,019f74d9-acd4-70d5-9e60-8b696d7194de,3,15,12,,,working
019f74e7-b674-7b13-a1be-930c2fafbb8a,019f74d9-acd9-753c-bcd9-714526f4c2cc,0,20,8,,,working
019f74e7-b6b7-7920-a739-2de28f8b0e1f,019f74d9-acd9-753c-bcd9-714526f4c2cc,1,20,7,,,working
019f74e7-b70e-7a1e-8a4e-e11d93e1d30e,019f74d9-acd9-753c-bcd9-714526f4c2cc,2,20,8,,,working
019f74f1-62ab-7318-ba56-0d4840e09996,019f74d9-acdb-74c4-b332-9033bc4fa3c3,0,10,10,,,working
019f74f1-6327-7021-be98-9cd941ddf27f,019f74d9-acdb-74c4-b332-9033bc4fa3c3,1,15,6,,,working
019f74f1-638b-7bde-80a0-13a6b6547c63,019f74d9-acdb-74c4-b332-9033bc4fa3c3,2,10,10,,,working
019f74f8-1ee8-796d-9976-dd25bde422d6,019f74d9-acdd-7179-b470-ecc01978f0f1,0,25,10,,,working
019f74f8-20b1-7c5e-ab66-346d87e13083,019f74d9-acdd-7179-b470-ecc01978f0f1,1,30,10,,,working
019f74f8-2129-75b3-a021-815976f74249,019f74d9-acdd-7179-b470-ecc01978f0f1,2,35,10,,,working
019f74f8-9f86-7ada-a693-c0e2a1c89548,019f74d9-acdf-7cff-9ddb-e4b2a5938966,0,20,10,,,working
019f74f8-9ffb-7f99-aab5-c447a84d42b3,019f74d9-acdf-7cff-9ddb-e4b2a5938966,1,25,10,,,working
019f74f8-a055-7f00-9709-0a80b62973a3,019f74d9-acdf-7cff-9ddb-e4b2a5938966,2,30,10,,,working
019f74fc-6e3a-7ecc-be14-4ebffb3bde7a,019f74d9-ace3-7eb8-ac40-10f5cbb641af,0,8,12,,,working
019f74fc-6eb0-7db6-86a9-a7ffbf6685d2,019f74d9-ace3-7eb8-ac40-10f5cbb641af,1,8,12,,,working
019f7f33-f037-7fcd-8f61-f4caf6d1d3b6,019f7f2e-1df5-724a-bd01-a38e2e050ea7,0,80,10,,,working
019f7f33-f0b7-7b17-b949-8f35602367f6,019f7f2e-1df5-724a-bd01-a38e2e050ea7,1,80,10,,,working
019f7f33-f151-7f7e-b648-718cc4691c36,019f7f2e-1df5-724a-bd01-a38e2e050ea7,2,80,10,,,working
019f7f36-f180-7c15-90ab-709cd5f0a3a2,019f7f2e-1df8-7fbe-8c89-ec3e5844a036,0,30,10,,,working
019f7f36-f215-7441-a63e-00bdb94895cd,019f7f2e-1df8-7fbe-8c89-ec3e5844a036,1,35,10,,,working
019f7f36-f296-7ab3-9919-957882122ef2,019f7f2e-1df8-7fbe-8c89-ec3e5844a036,2,40,10,,,working
019f7f3a-78a8-7497-9814-7cf29d9b0858,019f7f2e-1dfd-7a4a-872d-ae844cb059bd,0,7,10,,,working
019f7f3a-7928-74fa-a00e-c04ca07454db,019f7f2e-1dfd-7a4a-872d-ae844cb059bd,1,7,8,,,working
019f7f3a-79cc-7ef9-aae0-813332224967,019f7f2e-1dfd-7a4a-872d-ae844cb059bd,2,7,6,,,working
019f7f3e-beb4-79a0-b839-e6dd06d9a6e9,019f7f2e-1e01-710d-af7e-e55bc018d6ef,0,7,15,,,working
019f7f3e-bf85-7628-87c2-a9195d04b757,019f7f2e-1e01-710d-af7e-e55bc018d6ef,1,10,9,,,working
019f7f42-719a-70d6-9fd5-496ddc519051,019f7f2e-1dff-7105-bd16-a44c6a18d737,0,15,10,,,working
019f7f42-7222-79aa-85a6-012256cbef15,019f7f2e-1dff-7105-bd16-a44c6a18d737,1,20,7,,,working
019f7f45-fff5-760a-ba7e-e94eed8b1df0,019f7f2e-1e04-77bc-a5d7-46c7b5e400ec,0,10,15,,,working
019f7f46-0059-70c5-93cf-f246be8bca47,019f7f2e-1e04-77bc-a5d7-46c7b5e400ec,1,30,15,,,working
019f7f46-00a8-7a9e-8847-1fa1fb8c0020,019f7f2e-1e04-77bc-a5d7-46c7b5e400ec,2,30,15,,,working
019f7f4a-2c07-77dd-b7ea-ab725323ac22,019f7f2e-1dfb-7ca7-93c5-759e74a775c3,0,30,10,,,working
019f7f4a-2cab-713e-9a49-0b69e3ba26bd,019f7f2e-1dfb-7ca7-93c5-759e74a775c3,1,35,8,,,working
019f7f4a-2d3b-73ad-aea2-a3cba4ee06d4,019f7f2e-1dfb-7ca7-93c5-759e74a775c3,2,35,5,,,working
019f7f52-906b-7c74-bb4c-3cfe4acea552,019f7f2e-1dee-79f5-937c-a436a6959d8c,0,60,10,,,working
019f7f52-910d-7e5c-ad6f-5791fccccd11,019f7f2e-1dee-79f5-937c-a436a6959d8c,1,80,8,,,working
019f7f52-9168-7557-b626-17362ad6d714,019f7f2e-1dee-79f5-937c-a436a6959d8c,2,80,8,,,working
019f7f52-91ad-7584-a85c-71e898c184b2,019f7f2e-1dee-79f5-937c-a436a6959d8c,3,90,8,,,working
019f8944-541b-73f9-af52-a41eadcb8047,019f8938-47f8-743c-a84a-d7328aad8985,0,20,11,,,working
019f8944-54b9-7f66-a85f-3543d2939732,019f8938-47f8-743c-a84a-d7328aad8985,1,25,12,,,working
019f8944-5574-73b7-a5ed-035c9a0938ea,019f8938-47f8-743c-a84a-d7328aad8985,2,30,12,,,working
019f8944-56ba-7c39-80b3-8d16a89632a5,019f8938-47f8-743c-a84a-d7328aad8985,3,35,12,,,working
019f8947-40b8-7f34-a7b3-06d7e8427872,019f8938-47fa-7fb4-839b-8814262802de,0,35,8,,,working
019f8947-4128-7e8f-8b96-922740e6a071,019f8938-47fa-7fb4-839b-8814262802de,1,30,8,,,working
019f894c-b986-7eff-80ac-60d19a9c6b43,019f8938-4802-7895-85a5-3f81ddd4a98d,0,25,12,,,working
019f894c-ba0b-7dd3-829e-2dff26b9619e,019f8938-4802-7895-85a5-3f81ddd4a98d,1,30,10,,,working
019f894c-ba7b-7f02-88bb-207a93e998ee,019f8938-4802-7895-85a5-3f81ddd4a98d,2,30,10,,,working
019f894c-baf5-76ea-8991-dc544073a174,019f8938-4802-7895-85a5-3f81ddd4a98d,3,40,10,,,working
019f8950-472d-7d48-b0dc-a967d52c97ac,019f8938-47fd-7f28-8e75-9f0fc3a4342a,0,20,15,,,working
019f8950-47ac-7d57-81da-6bc2e1b7bee3,019f8938-47fd-7f28-8e75-9f0fc3a4342a,1,30,12,,,working
019f8950-487a-7b93-b068-75cf5f6bfda6,019f8938-47fd-7f28-8e75-9f0fc3a4342a,2,40,10,,,working
019f8954-46e1-7c55-a393-9efb946f6a7e,019f8938-4808-7774-a9e8-e321969b7eae,0,15,10,,,working
019f8954-474f-7ca6-a008-b428d6500769,019f8938-4808-7774-a9e8-e321969b7eae,1,15,8,,,working
019f8957-8146-7a36-9ca7-cf99e8d9e01f,019f8938-4806-7e72-854a-b126ff92778b,0,10,10,,,working
019f8957-81b9-7f99-8bfa-f5d16e4ab0f5,019f8938-4806-7e72-854a-b126ff92778b,1,10,10,,,working
019f895c-2562-7d21-9087-b5d2ba0edc92,019f8938-4804-7065-aa4b-90d264076fa4,0,10,9,,,working
019f895c-25d2-73b4-b0fa-0852e1deaa8b,019f8938-4804-7065-aa4b-90d264076fa4,1,10,6,,,working
019f895c-262d-7416-934e-cfb84981de13,019f8938-4804-7065-aa4b-90d264076fa4,2,10,5,,,working
019f8961-84c4-729b-a8fd-5cce51806fb3,019f8938-47ff-76f8-ae87-c2eef61d35c9,0,5,10,,,working
019f8961-8535-7bf7-9a9f-fcb0ba5808b2,019f8938-47ff-76f8-ae87-c2eef61d35c9,1,5,10,,,working
019f8961-859e-70a9-937f-3bd6318517b1,019f8938-47ff-76f8-ae87-c2eef61d35c9,2,5,10,,,working
019f8965-fad6-7ac2-b77f-1f831014e223,019f8938-480b-7c6e-9a6c-08bed6d6fae7,0,20,20,,,working
019f8965-fb43-7b79-ae8b-9522751dd5ad,019f8938-480b-7c6e-9a6c-08bed6d6fae7,1,20,15,,,working
019f8965-fba2-730a-ba0d-58f7ad446c5c,019f8938-480b-7c6e-9a6c-08bed6d6fae7,2,20,15,,,working
019f98e0-0457-75d2-8f4c-348b493efeb0,019f98db-7619-79e8-85e1-c2daa1e7beef,0,20,10,,,working
019f98e0-052a-7c00-bea3-e19d7d11410c,019f98db-7619-79e8-85e1-c2daa1e7beef,1,20,10,,,working
019f98e0-05c0-7772-af19-8fc942dab610,019f98db-7619-79e8-85e1-c2daa1e7beef,2,20,8,,,working
019f98e0-0619-78e5-84bc-c57cacb900cf,019f98db-7619-79e8-85e1-c2daa1e7beef,3,20,7,,,working
019f98e3-182b-7703-80a9-59de51ec9a9c,019f98db-761c-7bf6-b3dd-0bccfae94b84,0,35,8,,,working
019f98e3-186f-70e9-8950-2bfa32a693a9,019f98db-761c-7bf6-b3dd-0bccfae94b84,1,35,7,,,working
019f98e3-18af-79c3-9c25-1995cdb021b5,019f98db-761c-7bf6-b3dd-0bccfae94b84,2,35,8,,,working
019f98e7-7aae-789e-ad48-79392abef7b7,019f98db-761f-79d5-8da6-b1fe72ee855e,0,25,10,,,working
019f98e7-7bdd-73b8-981b-2ce8fa6cb6ca,019f98db-761f-79d5-8da6-b1fe72ee855e,1,25,10,,,working
019f98e7-7c8a-7d58-a454-3b0eb40ff8d2,019f98db-761f-79d5-8da6-b1fe72ee855e,2,30,1,,,working
019f98eb-b009-733a-b56f-77c8b5a507dd,019f98db-7629-7563-8deb-bea618502711,0,15,10,,,working
019f98eb-b063-77f5-989d-b6c8bdee25e7,019f98db-7629-7563-8deb-bea618502711,1,12.5,8,,,working
019f98ef-1ea1-70ec-910c-55ed3ca33d64,019f98db-762c-7413-829d-b5cea23f5c06,0,10,9,,,working
019f98ef-1ef1-7bf5-96f9-c935909749f1,019f98db-762c-7413-829d-b5cea23f5c06,1,10,10,,,working
019f98f2-adef-7b22-af34-0a35f9799929,019f98db-7622-77f0-891d-e71b60a968e0,0,20,10,,,working
019f98f2-aec2-79e0-abf7-af31fd46cb5e,019f98db-7622-77f0-891d-e71b60a968e0,1,20,5,,,working
019f98f2-af8b-7461-ab5f-e976982b4dbe,019f98db-7622-77f0-891d-e71b60a968e0,2,20,5,,,working
019f98f6-f95e-744c-9de8-eb4d0631a9ad,019f98db-7627-76d9-a992-27d4bcd815fa,0,7,12,,,working
019f98f6-f9c6-7835-bf49-2ca443cbbb31,019f98db-7627-76d9-a992-27d4bcd815fa,1,7,12,,,working
019f98f6-fa1f-7664-b630-85f718784c05,019f98db-7627-76d9-a992-27d4bcd815fa,2,7,8,,,working
019f98fb-81b4-7432-ae5e-2abace19feac,019f98db-762e-7c89-a9d2-4b922e91e33f,0,10,15,,,working
019f98fb-81fd-7c83-8d9f-092983b5d895,019f98db-762e-7c89-a9d2-4b922e91e33f,1,10,15,,,working
019f98fb-a690-783b-97ce-122d45268efc,019f98db-7624-70a9-899d-b42a55a628c8,0,1,1,,,working
019fa355-e136-7345-b35a-8e759c09fbcf,019fa34f-3e46-7e77-ad98-20fb190b8721,0,70,8,,,working
019fa355-e189-7e38-9697-4a37662cb827,019fa34f-3e46-7e77-ad98-20fb190b8721,1,70,8,,,working
019fa355-e1d8-7acb-84e6-e62e3947ff9e,019fa34f-3e46-7e77-ad98-20fb190b8721,2,70,8,,,working
019fa355-e227-7a36-ae0a-3a18ac5ad913,019fa34f-3e46-7e77-ad98-20fb190b8721,3,90,8,,,working
019fa35d-c6e0-7d2d-9905-12b09843ad5d,019fa34f-3e47-7b81-92a7-c5ff272dc674,0,80,10,,,working
019fa35d-c77f-70e2-bb8f-b8126023e4e6,019fa34f-3e47-7b81-92a7-c5ff272dc674,1,80,10,,,working
019fa35d-c831-7a2a-b794-82cc877f5456,019fa34f-3e47-7b81-92a7-c5ff272dc674,2,80,10,,,working
019fa361-52a2-73c5-8d01-9ece62a7b2de,019fa34f-3e48-7afb-872c-15f96ebb3e81,0,20,10,,,working
019fa361-5312-79d2-b7b6-e6c0f2c558d0,019fa34f-3e48-7afb-872c-15f96ebb3e81,1,20,10,,,working
019fa361-538c-7e61-aae0-531c2787cb60,019fa34f-3e48-7afb-872c-15f96ebb3e81,2,20,9,,,working
019fa366-f686-7326-9cd3-04eab5e1400b,019fa34f-3e49-783e-a762-710eaae7cb6a,0,25,10,,,working
019fa366-f6fd-720d-8aa7-6542b89a5fa8,019fa34f-3e49-783e-a762-710eaae7cb6a,1,25,10,,,working
019fa369-f493-71f9-8157-15a389509d27,019fa34f-3e4b-7049-bc69-31e69632ddb0,0,15,10,,,working
019fa369-f4da-7f9a-a909-9a0820500d32,019fa34f-3e4b-7049-bc69-31e69632ddb0,1,17.5,10,,,working
019fa36d-af64-73dc-9ed7-2eae9208f1ba,019fa34f-3e4a-75ea-b4a3-47801e763aba,0,7,10,,,working
019fa36d-afb7-7902-b893-d98a4f18ec43,019fa34f-3e4a-75ea-b4a3-47801e763aba,1,7,10,,,working
019fa36d-b010-7168-9f92-9f35d8a99dd4,019fa34f-3e4a-75ea-b4a3-47801e763aba,2,8,6,,,working
019fa375-2f0a-71f2-9a98-6e252a5747bc,019fa34f-3e4c-7fb5-b307-66d5520ddc9b,0,10,10,,,working
019fa375-2f75-7985-966d-f7ff2f8b6ca8,019fa34f-3e4c-7fb5-b307-66d5520ddc9b,1,10,10,,,working
019fa375-5ddf-7b2b-992b-ee6f3daeaf5a,019fa34f-3e4d-7c0a-9a9b-f53b44201546,0,1,20,,,working
019fa375-5e51-7acc-a7b1-24590a553d07,019fa34f-3e4d-7c0a-9a9b-f53b44201546,1,1,20,,,working
019fad28-2c46-791e-b26a-bc550f68c3e1,019fad21-12ad-7b00-ab02-811fed840d2e,0,25,10,,,working
019fad28-2d49-776d-a12c-69d96ba29059,019fad21-12ad-7b00-ab02-811fed840d2e,1,30,10,,,working
019fad28-2fc4-76b6-b917-86140ae225c5,019fad21-12ad-7b00-ab02-811fed840d2e,2,35,8,,,working
019fad28-304a-7e59-9b6a-6fcffb28c242,019fad21-12ad-7b00-ab02-811fed840d2e,3,35,9,,,working
019fad2d-9fa7-7eb7-9df1-33fedba921bb,019fad21-12ae-7a14-a429-ad83d4eef648,0,30,10,,,working
019fad2d-a053-78e6-b63c-ac6afb6fa56f,019fad21-12ae-7a14-a429-ad83d4eef648,1,30,10,,,working
019fad2d-a109-7a0b-a852-a90b58310648,019fad21-12ae-7a14-a429-ad83d4eef648,2,35,10,,,working
019fad37-d483-78b5-90ed-3b6cc762a856,019fad21-12b2-73d5-8354-c61f8db47600,0,15,10,,,working
019fad37-d4fe-7fd6-97b2-d26898052558,019fad21-12b2-73d5-8354-c61f8db47600,1,20,10,,,working
019fad37-d570-74ac-aa4c-97f37c7b020d,019fad21-12b2-73d5-8354-c61f8db47600,2,25,8,,,working
019fad3d-2b72-78e2-8104-4b1b0758bf23,019fad21-12b0-76ed-adce-cf227b311130,0,10,8,,,working
019fad3d-2c43-791f-bc07-0e9ca2f8092c,019fad21-12b0-76ed-adce-cf227b311130,1,10,7,,,working
019fad3d-2ca6-7af6-a218-5142f513b158,019fad21-12b0-76ed-adce-cf227b311130,2,10,7,,,working
019fad46-c0dd-7755-afdd-e710e52564fa,019fad21-12af-7ceb-aca0-463ad1005617,0,25,10,,,working
019fad46-c22a-7034-b768-05e8502923cd,019fad21-12af-7ceb-aca0-463ad1005617,1,25,10,,,working
019fad46-c2a0-789a-997c-b5b553874baa,019fad21-12af-7ceb-aca0-463ad1005617,2,25,10,,,working
019fad47-7289-7446-be6c-cb8298c11862,019fad21-12b1-7c9e-aac2-3dca82dece8b,0,20,10,,,working
019fad47-72fa-780c-b473-935382d53a4a,019fad21-12b1-7c9e-aac2-3dca82dece8b,1,20,10,,,working
019fad47-7394-7f16-a5be-31dfa5ac4075,019fad21-12b1-7c9e-aac2-3dca82dece8b,2,20,10,,,working
019fad51-8b28-7158-9964-0677d70543ae,019fad21-12b3-7423-90b8-99fb30beb03d,0,15,10,,,working
019fad51-8b79-7636-aed6-88eff119f1b4,019fad21-12b3-7423-90b8-99fb30beb03d,1,15,10,,,working
019fad56-34f4-7c13-b847-539d47837844,019fad21-12b4-7d73-85b2-b6a6a54df9a1,0,40,12,,,working
019fad56-3563-7b40-92d8-88d526898666,019fad21-12b4-7d73-85b2-b6a6a54df9a1,1,35,10,,,working
019fad59-4d39-779b-a9b5-53272789a3e6,019fad21-12b5-792e-ad88-c32def40ad3d,0,5,15,,,working
019fad59-4d8b-7a5c-9b0f-3293f39465ed,019fad21-12b5-792e-ad88-c32def40ad3d,1,16,20,,,working
019fbcd4-c1c9-7dc9-9e1f-c90ce53a9aee,019fbcce-f5e5-75cb-bd0c-9e3a30119dee,0,25,10,,,working
019fbcd4-c23c-76e2-bbda-5bd4c1c80a23,019fbcce-f5e5-75cb-bd0c-9e3a30119dee,1,20,8,,,working
019fbcd4-c288-7216-9432-3e1b76214b30,019fbcce-f5e5-75cb-bd0c-9e3a30119dee,2,20,8,,,working
019fbcda-cf72-71d7-9ed0-4d6defe49a47,019fbcce-f5ec-7379-9258-41424c353927,0,45,10,,,working
019fbcda-d076-7c47-8230-5d8896147b3a,019fbcce-f5ec-7379-9258-41424c353927,1,50,10,,,working
019fbcda-d11c-77b0-816f-d8f0bf22a2a3,019fbcce-f5ec-7379-9258-41424c353927,2,50,10,,,working
019fbce0-aea9-748a-a3fc-20bdb30c4c5f,019fbcce-f5ef-7526-ab6d-fde22c79c458,0,10,10,,,working
019fbce0-aefd-7e80-96ac-dba66375b5a0,019fbcce-f5ef-7526-ab6d-fde22c79c458,1,10,10,,,working
019fbce0-af4e-733b-bc7b-9dd0bd338771,019fbcce-f5ef-7526-ab6d-fde22c79c458,2,10,10,,,working
019fbce5-763e-75c3-9336-25232d1ea723,019fbcce-f5ea-7aab-92f3-0d4b8ad0812b,0,35,10,,,working
019fbce5-769d-7eea-95c1-72afc37f7618,019fbcce-f5ea-7aab-92f3-0d4b8ad0812b,1,40,13,,,working
019fbce5-76f8-78e8-b631-b41813105361,019fbcce-f5ea-7aab-92f3-0d4b8ad0812b,2,40,10,,,working
019fbcea-e7ff-7abe-b53a-61358b2cf916,019fbcce-f5f4-7585-9e0c-e9cc1e46db1d,0,12.5,12,,,working
019fbcea-e869-711e-bc07-c6eeddf11e0e,019fbcce-f5f4-7585-9e0c-e9cc1e46db1d,1,15,12,,,working
019fbcef-ff18-7da4-b836-41d69b7302c4,019fbcce-f5f6-7fbf-bb43-a98bb04f9c85,0,15,12,,,working
019fbcef-ff81-73ef-921e-220accf137d6,019fbcce-f5f6-7fbf-bb43-a98bb04f9c85,1,20,12,,,working
019fbd00-32ba-7889-b605-ccf4855dcd23,019fbcce-f5e8-7120-9083-24c48a292b3c,0,40,12,,,working
019fbd00-334b-7731-9676-5213e0a794a9,019fbcce-f5e8-7120-9083-24c48a292b3c,1,55,10,,,working
019fbd00-33eb-7157-9734-d3ea560e4853,019fbcce-f5e8-7120-9083-24c48a292b3c,2,55,8,,,working
019fbd04-a9b5-7c1c-8e7e-d0c1cd44da1e,019fbcce-f5f9-7c30-b096-bff666bbc0e2,0,20,15,,,working
019fbd04-aa16-7de7-97ae-d4e56ca132bb,019fbcce-f5f9-7c30-b096-bff666bbc0e2,1,20,15,,,working
019fbd04-fc1e-7829-8ef2-3e9d9f7851df,019fbcce-f5f2-7b69-ab06-f39d4439ed93,0,20,15,,,working
019fbd04-fc70-703e-9c51-e2f011836a49,019fbcce-f5f2-7b69-ab06-f39d4439ed93,1,20,15,,,working
019fc7d9-59be-74a7-b118-08d04a542881,019fc7d0-7d37-75e2-bcc3-40e26e0bab48,0,20,8,,,working
019fc7d9-5a7d-7e4c-ad9a-70111802739c,019fc7d0-7d37-75e2-bcc3-40e26e0bab48,1,30,8,,,working
019fc7d9-5b42-7e0d-8970-b1b094f2ff76,019fc7d0-7d37-75e2-bcc3-40e26e0bab48,2,35,8,,,working
019fc7d9-5bec-7149-a138-1ec25cc496d1,019fc7d0-7d37-75e2-bcc3-40e26e0bab48,3,35,8,,,working
019fc7dd-ddd9-7fa8-9f9b-e450c696ae0b,019fc7d0-7d39-708b-9021-40c5626cd44b,0,30,10,,,working
019fc7dd-de50-77f1-b2f6-9add707df24f,019fc7d0-7d39-708b-9021-40c5626cd44b,1,35,10,,,working
019fc7dd-def3-7dbd-8f9d-186b06965c9e,019fc7d0-7d39-708b-9021-40c5626cd44b,2,40,10,,,working
019fc7e4-bb27-740e-9a0a-7c7086f51fdb,019fc7d0-7d3a-76f5-9fb5-cf8093369a79,0,35,10,,,working
019fc7e4-bb80-74e4-a10d-2f12ba27761d,019fc7d0-7d3a-76f5-9fb5-cf8093369a79,1,35,10,,,working
019fc7e9-b346-7ac0-a445-211342e18a73,019fc7d0-7d3b-7693-ad72-13c6d617edb5,0,10,12,,,working
019fc7e9-b3cc-71cc-893b-7ab2795ffb3d,019fc7d0-7d3b-7693-ad72-13c6d617edb5,1,10,8,,,working
019fc7e9-b427-7261-bd8a-d67b0b68ebed,019fc7d0-7d3b-7693-ad72-13c6d617edb5,2,10,6,,,working
019fc7ec-3904-75c9-a07e-ea6eca926aa1,019fc7d0-7d3c-7ade-aa50-ba5d974d6660,0,30,10,,,working
019fc7ec-397b-70d3-9098-cec8bff51d5f,019fc7d0-7d3c-7ade-aa50-ba5d974d6660,1,30,10,,,working
019fc7f1-48ca-7d21-93c1-35315b6be987,019fc7d0-7d3d-77b5-b3c8-7b187aa798e4,0,10,15,,,working
019fc7f1-4969-735c-bfcd-3bd860fcc434,019fc7d0-7d3d-77b5-b3c8-7b187aa798e4,1,10,12,,,working
019fc7f5-2c9a-7edc-b737-1f9e60da6e22,019fc7d0-7d3e-7eb3-ba65-3ba9330f79dc,0,15,12,,,working
019fc7f5-2d0d-757e-898f-223aed676680,019fc7d0-7d3e-7eb3-ba65-3ba9330f79dc,1,17.5,12,,,working
019fc7f8-ab5b-7613-87a8-f39274c31888,019fc7d0-7d3f-7ce1-a178-de5ed8140e12,0,15,12,,,working
019fc7f8-abdd-7036-a82a-dd4acd61410d,019fc7d0-7d3f-7ce1-a178-de5ed8140e12,1,17.5,12,,,working
019fc7fd-b3f7-7127-b058-54647f8c90c3,019fc7d0-7d40-7dfe-b6d5-d1ed8373e525,0,25,15,,,working
019fc7fd-b508-7ebd-97c3-e6c3b4b56b14,019fc7d0-7d40-7dfe-b6d5-d1ed8373e525,1,25,15,,,working
019fd194-2b6a-75ff-b0b8-9d3f604c9bc8,019fd189-f6a9-73db-911c-aad0445772ae,0,80,8,,,working
019fd194-2c9d-7573-82e7-4a64fd74d7d1,019fd189-f6a9-73db-911c-aad0445772ae,1,80,8,,,working
019fd194-2ce7-7fe5-8918-b8f298b20a1c,019fd189-f6a9-73db-911c-aad0445772ae,2,80,8,,,working
019fd194-2d27-7e33-a53d-000aeff34dce,019fd189-f6a9-73db-911c-aad0445772ae,3,80,8,,,working
019fd19c-2603-7b96-8f5b-4df42d23d70a,019fd189-f6ab-7d07-9cfd-45f70aa1101d,0,80,10,,,working
019fd19c-266f-77c0-ae4b-f783afb9c9a2,019fd189-f6ab-7d07-9cfd-45f70aa1101d,1,80,10,,,working
019fd19c-26d3-72fa-a5fc-c47a02fc1984,019fd189-f6ab-7d07-9cfd-45f70aa1101d,2,90,10,,,working
019fd19d-2d80-73f2-ba62-3746f0a99779,019fd189-f6ac-70eb-b926-25a6cbf5a399,0,20,8,,,working
019fd19d-2e4c-73f4-a1d3-b7457689166c,019fd189-f6ac-70eb-b926-25a6cbf5a399,1,20,8,,,working
019fd19d-2f18-7206-a8e9-076cec37d3ea,019fd189-f6ac-70eb-b926-25a6cbf5a399,2,20,8,,,working
019fd19d-a25e-7764-a0c7-1caec923f62a,019fd19d-a258-7846-999b-861153a6ce36,0,80,8,,,working
019fd19d-a2bf-7fde-86cb-2f07cb3978df,019fd19d-a258-7846-999b-861153a6ce36,1,80,8,,,working
019fd19d-a356-7e78-a594-4d77c020f589,019fd19d-a258-7846-999b-861153a6ce36,2,80,8,,,working
019fd19d-a416-7c8c-97f7-e35908b64d73,019fd19d-a258-7846-999b-861153a6ce36,3,80,8,,,working
019fd19f-2404-7877-8ca4-6d5c69bcf064,019fd19f-23fd-71fb-990f-22ce8e182f27,0,80,10,,,working
019fd19f-246b-7414-a5b2-493be5791f0f,019fd19f-23fd-71fb-990f-22ce8e182f27,1,90,10,,,working
019fd19f-24df-7967-873f-f80d63befa25,019fd19f-23fd-71fb-990f-22ce8e182f27,2,90,10,,,working
019fd19f-5d98-787e-9d60-8583b8ad7dc0,019fd19f-5d92-70f7-80c3-29377c0df96d,0,30,10,,,working
019fd19f-5df0-7740-81e7-7e319f3aae62,019fd19f-5d92-70f7-80c3-29377c0df96d,1,30,10,,,working
019fd19f-5e59-7ded-8939-46cd0f347c8a,019fd19f-5d92-70f7-80c3-29377c0df96d,2,30,10,,,working
019fd1aa-89f3-77ac-9d53-ba18ece79052,019fd1aa-89ed-76c9-a5be-af9910c0f316,0,30,10,,,working
019fd1aa-8a58-75aa-a25c-67cb076aa594,019fd1aa-89ed-76c9-a5be-af9910c0f316,1,30,10,,,working
019fd1aa-8ad2-72d4-a807-11a2368f0b76,019fd1aa-89ed-76c9-a5be-af9910c0f316,2,30,10,,,working
019fe0f3-ebc0-7fbe-a62f-96457f88386d,019fe0e1-7c48-76cb-9c0f-dd4854992ccf,0,25,8,,,working
019fe0f3-ec66-7a7e-8466-17441bd72832,019fe0e1-7c48-76cb-9c0f-dd4854992ccf,1,30,8,,,working
019fe0f3-ed06-7950-8b4d-9ee6cb5a195e,019fe0e1-7c48-76cb-9c0f-dd4854992ccf,2,30,8,,,working
019fe0f3-edad-7822-b937-b58ed76e0d25,019fe0e1-7c48-76cb-9c0f-dd4854992ccf,3,30,8,,,working
019fe0fc-c245-7ca8-a576-7dfe50fd1f47,019fe0e1-7c4a-76c0-b441-f220d8f0cdf3,0,35,10,,,working
019fe0fc-c2a7-7482-a70e-c1664a17a409,019fe0e1-7c4a-76c0-b441-f220d8f0cdf3,1,40,10,,,working
019fe0fc-c343-71fd-a13c-b7df69888e14,019fe0e1-7c4a-76c0-b441-f220d8f0cdf3,2,45,10,,,working
019fe103-12ab-759a-ab53-c87ea20b22a9,019fe0e1-7c51-749d-8ce3-c282c81322e5,0,10,10,,,working
019fe103-1305-76cf-8b84-2d521f282272,019fe0e1-7c51-749d-8ce3-c282c81322e5,1,15,10,,,working
019fe103-136d-783d-9416-ea1c69fb5c0a,019fe0e1-7c51-749d-8ce3-c282c81322e5,2,20,6,,,working
019fe10a-49dd-711b-9eb0-066f18ed7400,019fe0e1-7c4d-73d8-82e0-d87e10208c67,0,35,10,,,working
019fe10a-4a3a-715a-89a1-406147e27fe6,019fe0e1-7c4d-73d8-82e0-d87e10208c67,1,45,10,,,working
019fe10a-4a9f-72f5-90a5-13ce6b347e00,019fe0e1-7c4d-73d8-82e0-d87e10208c67,2,45,10,,,working
019fe10f-30d7-799b-af5f-e6238b7b19e5,019fe0e1-7c4f-75e0-9954-10f0257fa539,0,20,10,,,working
019fe10f-315a-7c1b-87c4-79cc4f701411,019fe0e1-7c4f-75e0-9954-10f0257fa539,1,30,10,,,working
019fe10f-31c9-70fb-894f-44c45c44082c,019fe0e1-7c4f-75e0-9954-10f0257fa539,2,35,10,,,working
019fe116-bfa6-7352-8813-52d814638603,019fe0e1-7c54-709c-a0c6-178bda19368b,0,20,15,,,working
019fe116-c002-7c17-b9fe-8edfdbeb353f,019fe0e1-7c54-709c-a0c6-178bda19368b,1,25,15,,,working
019fe116-c0a8-7414-92fe-3a9f5a50e6f2,019fe0e1-7c54-709c-a0c6-178bda19368b,2,25,15,,,working
019fe11e-1778-7673-9fc5-4145f0ffd232,019fe0e1-7c56-7c8f-a7c2-d0dfba30370b,0,17.5,12,,,working
019fe11e-17c1-70f9-8527-aefaf41e3a89,019fe0e1-7c56-7c8f-a7c2-d0dfba30370b,1,20,10,,,working
019fe11e-40e1-7a95-b585-0d00f813498a,019fe0e1-7c58-757c-9053-cedca09c5ccd,0,15,12,,,working
019fe11e-4153-74af-8232-dd8f4dffc68d,019fe0e1-7c58-757c-9053-cedca09c5ccd,1,17.5,12,,,working
019fe120-b686-7f8b-b90d-fceac838932c,019fe0e1-7c5b-7cb2-b2de-5619e1a330be,0,1,1,,,working
019feaf2-92dd-7722-90c0-b79afa9a42af,019feae6-7cb1-7d18-833d-b9c7ad29e17e,0,20,8,,,working
019feaf2-9343-78c6-a6b0-fb4118332008,019feae6-7cb1-7d18-833d-b9c7ad29e17e,1,40,8,,,working
019feaf2-939b-705e-b602-443f7c557b4e,019feae6-7cb1-7d18-833d-b9c7ad29e17e,2,40,8,,,working
019feaf2-9411-74c4-ba9c-51b69fc20fa2,019feae6-7cb1-7d18-833d-b9c7ad29e17e,3,30,8,,,working
019feaf9-a4a6-7de1-9d3a-3dab213f60b0,019feae6-7cb3-70a5-8e6b-06cb28264902,0,30,10,,,working
019feaf9-a54f-79e3-b431-13db6271c850,019feae6-7cb3-70a5-8e6b-06cb28264902,1,35,10,,,working
019feaf9-a60e-7a70-a918-c8fd0636d521,019feae6-7cb3-70a5-8e6b-06cb28264902,2,40,10,,,working
019feb01-1257-7518-ba97-ba921eb8064d,019feae6-7cba-70d2-abd1-79951f530e21,0,10,10,,,working
019feb01-12b2-7a2b-a551-d989924b7394,019feae6-7cba-70d2-abd1-79951f530e21,1,15,10,,,working
019feb01-1330-76ba-a81e-2a8fec12d5c4,019feae6-7cba-70d2-abd1-79951f530e21,2,15,10,,,working
019feb06-9479-71a1-acd2-b62a0f2c11b1,019feae6-7cb7-7bd8-b345-41ea406187ca,0,5,15,,,working
019feb06-94e4-7db7-961e-aba0edf0462b,019feae6-7cb7-7bd8-b345-41ea406187ca,1,10,12,,,working
019feb0a-a854-7016-978c-c00100e95a3b,019feae6-7cb9-7b65-b90b-8b792939b7a6,0,30,12,,,working
019feb0a-a8ce-7f2b-8471-f20d2c23c117,019feae6-7cb9-7b65-b90b-8b792939b7a6,1,40,12,,,working
019feb0a-a935-7925-a95c-5dd7892c1360,019feae6-7cb9-7b65-b90b-8b792939b7a6,2,45,10,,,working
019feb0e-6715-7fe2-98f2-9e10f54e5590,019feae6-7cb5-7225-b3a0-6de84cad55bf,0,35,10,,,working
019feb0e-6798-786b-82ca-e47868412048,019feae6-7cb5-7225-b3a0-6de84cad55bf,1,40,10,,,working
019feb0e-67fd-7652-868c-dc27cb887486,019feae6-7cb5-7225-b3a0-6de84cad55bf,2,40,10,,,working
019feb1d-54cb-789e-aa9e-640a25bd06cd,019feae6-7cbc-743a-988a-e619f351bfc0,0,1,1,,,working
019feb1d-70a1-7f02-b193-082cba226391,019feae6-7cbe-7746-a096-bca8c268c3e4,0,1,1,,,working
019feb1d-87b5-75ed-b24e-fc62dcd86492,019feae6-7cc0-740a-b620-d38cece5f0b3,0,1,1,,,working
019ff567-93c4-7207-bc7f-c046ebb4fbb8,019ff55d-773d-7aa0-ba18-90152f6eeef3,0,80,8,,,working
019ff567-9418-7087-8e2d-69e135a00198,019ff55d-773d-7aa0-ba18-90152f6eeef3,1,80,10,,,working
019ff567-946e-736e-a119-e068e2a732db,019ff55d-773d-7aa0-ba18-90152f6eeef3,2,90,10,,,working
019ff567-94c5-7e73-ba84-f1a8f1e8cfaa,019ff55d-773d-7aa0-ba18-90152f6eeef3,3,100,8,,,working
019ff572-bbf8-7e64-ae7b-dad50c931b20,019ff55d-7740-7528-9b46-868e058fe969,0,100,10,,,working
019ff572-bc43-705e-9bbf-9dd3a0c2aaa3,019ff55d-7740-7528-9b46-868e058fe969,1,110,10,,,working
019ff572-bc84-7a31-8e51-e8ceb986bf1e,019ff55d-7740-7528-9b46-868e058fe969,2,110,10,,,working
019ff578-0925-78a1-bc31-6281e141d8f9,019ff55d-7742-745a-87f6-149be3e7f7e2,0,35,10,,,working
019ff578-097e-7c9d-879a-e09baa5f932b,019ff55d-7742-745a-87f6-149be3e7f7e2,1,40,10,,,working
019ff578-09ce-7a21-8056-2feee3875c07,019ff55d-7742-745a-87f6-149be3e7f7e2,2,50,10,,,working
019ff57d-bd40-7e90-9db3-b86c441edbef,019ff55d-7744-70fc-bfe1-97a1b88ec666,0,35,10,,,working
019ff57d-bda5-717d-b43f-89276009e1bf,019ff55d-7744-70fc-bfe1-97a1b88ec666,1,40,10,,,working
019ff57d-be0b-7f28-81ac-30b5edbc2e1a,019ff55d-7744-70fc-bfe1-97a1b88ec666,2,40,10,,,working
019ff582-a09d-7c67-8a74-059fc6447619,019ff55d-7749-7533-ac2d-edd87749be0d,0,30,12,,,working
019ff582-a12e-7103-8d19-9c3c1e7ca885,019ff55d-7749-7533-ac2d-edd87749be0d,1,30,12,,,working
019ff582-be6a-748d-bd9e-6dd9edea3262,019ff55d-7746-730f-b016-a2a59c1a3915,0,1,1,,,working
019ff586-46f4-7ab9-b4fd-7376a2188aa5,019ff55d-774b-71c3-9166-a2878722cc25,0,10,12,,,working
019ff586-4745-7313-969d-5d25b781053e,019ff55d-774b-71c3-9166-a2878722cc25,1,10,12,,,working
019ff58d-aa68-77b1-92d5-f0c54a4e7204,019ff55d-774d-710f-899d-1a68cbf85744,0,30,15,,,working
019ff58d-acfd-745c-8101-73c0d06aba18,019ff55d-774d-710f-899d-1a68cbf85744,1,30,15,,,working
01a004e5-15c4-7b83-bc46-9f2697898210,01a004e5-15bf-7546-ae26-0aecc91b97d5,0,40,8,,,working
01a004e5-160b-768e-8bd3-a0e76dd4f73a,01a004e5-15bf-7546-ae26-0aecc91b97d5,1,45,8,,,working
01a004e5-1657-70b8-8fb6-61061032addd,01a004e5-15bf-7546-ae26-0aecc91b97d5,2,50,8,,,working
01a004e5-16aa-7621-9006-449c21426a9a,01a004e5-15bf-7546-ae26-0aecc91b97d5,3,55,8,,,working
01a004e5-716d-7c97-9d14-af76b29b298d,01a004e5-7167-72ac-ba53-4ad7d24ee764,0,35,10,,,working
01a004e5-71b8-7e61-aa0f-b40dd1053d2c,01a004e5-7167-72ac-ba53-4ad7d24ee764,1,40,10,,,working
01a004e5-7336-74cc-b0c7-d39cbb96285c,01a004e5-7167-72ac-ba53-4ad7d24ee764,2,45,10,,,working
01a004e5-738c-78ca-8c34-6b1f4d562d1f,01a004e5-7167-72ac-ba53-4ad7d24ee764,3,50,7,,,working
01a004e9-5d23-778b-bd67-adbda4b9dd9c,01a004e9-5d1d-78fc-b660-5714ffd02939,0,15,10,,,working
01a004e9-5d6f-79a3-8629-e3f4d75af204,01a004e9-5d1d-78fc-b660-5714ffd02939,1,20,10,,,working
01a004e9-5dba-7dd4-a326-3f3010bc645e,01a004e9-5d1d-78fc-b660-5714ffd02939,2,20,10,,,working
01a004ef-7743-7d75-a083-809ab2bba3f6,01a004ef-7740-7918-9601-dc5af4cd3d43,0,5,15,,,working
01a004ef-780d-7d7a-9af8-d4243f6ced60,01a004ef-7740-7918-9601-dc5af4cd3d43,1,5,15,,,working
01a004ef-78d2-7de9-ba0f-71890e9465b0,01a004ef-7740-7918-9601-dc5af4cd3d43,2,5,10,,,working
01a00500-56ce-7cf9-b900-e297f64627cc,01a00500-56c9-7f95-b742-3189c9478a8d,0,17.5,12,,,working
01a00500-58a6-78a9-b13c-1fae8743071d,01a00500-56c9-7f95-b742-3189c9478a8d,1,17.5,12,,,working
01a00500-593a-70ea-8bde-9c6792b13240,01a00500-56c9-7f95-b742-3189c9478a8d,2,17.5,12,,,working
01a00500-9be2-757f-9c8b-144f11065eca,01a00500-9bdc-75bd-ac15-58604402d2d6,0,17.5,12,,,working
01a00500-9c1f-7cf1-837c-2571ae114d46,01a00500-9bdc-75bd-ac15-58604402d2d6,1,17.5,12,,,working
01a00500-9c5e-71c3-a576-3c669eee3235,01a00500-9bdc-75bd-ac15-58604402d2d6,2,17.5,12,,,working
01a0194d-1d7a-7447-b0da-28fa6cf9e23d,01a0194d-1d74-7245-872f-e693ceb3a615,0,80,8,,,working
01a0194d-1dd0-70da-a1c6-1b2ab862d387,01a0194d-1d74-7245-872f-e693ceb3a615,1,80,8,,,working
01a0194d-1e34-7280-9e16-4cc56de5d767,01a0194d-1d74-7245-872f-e693ceb3a615,2,100,8,,,working
01a0194d-1e8a-7de3-a54a-96587ac29212,01a0194d-1d74-7245-872f-e693ceb3a615,3,120,10,,,working
01a01953-df40-7256-993d-0ac50af10604,01a01953-df38-7643-a264-713b19dc5cc5,0,80,10,,,working
01a01953-e012-7601-a6db-2694e80bb04d,01a01953-df38-7643-a264-713b19dc5cc5,1,100,10,,,working
01a01953-e0e3-717f-b3c3-5e3d3ccf6ab4,01a01953-df38-7643-a264-713b19dc5cc5,2,120,10,,,working
01a01959-d55d-7904-b29d-7390e4ab13b7,01a01959-d556-7386-ac67-aa8b97dadcbc,0,35,12,,,working
01a01959-d5f7-7bd1-a3bf-dcee3334e533,01a01959-d556-7386-ac67-aa8b97dadcbc,1,40,12,,,working
01a01959-d64a-744f-87af-5c466ae37ecd,01a01959-d556-7386-ac67-aa8b97dadcbc,2,45,12,,,working
01a01961-df7c-7228-878c-808b31a4af90,01a01961-df76-7bf7-8214-f557042518fd,0,20,10,,,working
01a01961-dfdb-7013-a13a-f811dacb34e9,01a01961-df76-7bf7-8214-f557042518fd,1,20,8,,,working
01a01961-e054-751a-affe-719a4b273ade,01a01961-df76-7bf7-8214-f557042518fd,2,20,10,,,working
01a01969-5582-75dc-b1ca-5b8b91627672,01a01969-557d-71e5-8959-b33dd99b700a,0,40,10,,,working
01a01969-55e2-7cee-bd27-024610d2ebb4,01a01969-557d-71e5-8959-b33dd99b700a,1,45,10,,,working
01a01969-564f-786b-8006-37a9cf3f29da,01a01969-557d-71e5-8959-b33dd99b700a,2,45,10,,,working
01a01973-1d4a-78b7-90f6-08a82e1695da,01a01973-1d45-74cb-8443-d62e9037075f,0,17.5,12,,,working
01a01973-1d9f-7caa-9dd7-566912729dff,01a01973-1d45-74cb-8443-d62e9037075f,1,17.5,12,,,working
01a01973-1df8-7042-b4f4-f7dd1d4c72a2,01a01973-1d45-74cb-8443-d62e9037075f,2,20,12,,,working
01a01975-1156-755c-8af7-ac329ae34a8d,01a01975-1151-75fd-9ad4-9d2d25f6f002,0,15,12,,,working
01a01975-11a5-7a74-a126-237b498f979c,01a01975-1151-75fd-9ad4-9d2d25f6f002,1,15,12,,,working
01a01975-11fd-70fd-bb87-944a82c90afa,01a01975-1151-75fd-9ad4-9d2d25f6f002,2,17.5,12,,,working
01a0197d-2b94-713b-8260-8adf5014dff7,01a0197d-2b8e-7742-91b1-c47ddf9ad137,0,40,15,,,working
01a0197d-2c57-7793-bdfd-dbfebc4fb8e8,01a0197d-2b8e-7742-91b1-c47ddf9ad137,1,40,20,,,working
01a0197d-2d30-7a14-b6c7-f7d0916ce995,01a0197d-2b8e-7742-91b1-c47ddf9ad137,2,40,15,,,working
01a02911-7cb6-70bd-aaa5-1476f60e6352,01a02911-7ca3-735a-8b9f-7bc48c85c743,0,20,10,5.0,5,working
01a02911-7d20-7cb7-98b7-358728f92be8,01a02911-7ca3-735a-8b9f-7bc48c85c743,1,30,8,10.0,0,working
01a02911-7d75-719e-88dc-cdf1d61de47a,01a02911-7ca3-735a-8b9f-7bc48c85c743,2,30,8,10.0,0,working
01a02915-3532-77c3-93ba-6ccd09700d18,01a02915-352c-7203-8dbf-a4b0136afbde,0,25,10,8.0,2,working
01a02915-35a8-7ed1-9a2f-0c9b66642f17,01a02915-352c-7203-8dbf-a4b0136afbde,1,30,7,10.0,0,working
01a02915-3603-7300-8143-d89613d30b70,01a02915-352c-7203-8dbf-a4b0136afbde,2,25,8,10.0,0,working
01a0291c-e832-7644-9ea7-4b9a89bd6fae,01a0291c-e82c-7672-9dbe-3c3e47429087,0,40,10,10.0,0,working
01a0291c-e969-7e09-958f-d2aaf83ca822,01a0291c-e82c-7672-9dbe-3c3e47429087,1,45,8,10.0,0,working
01a0291c-e9f4-79a8-a306-ab75cfc59a84,01a0291c-e82c-7672-9dbe-3c3e47429087,2,50,6,10.0,0,working
01a0291c-ea38-7bb4-965a-cd1de31c71d0,01a0291c-e82c-7672-9dbe-3c3e47429087,3,40,8,10.0,0,working
01a02921-2a4f-76a8-844f-2652cfb4f41c,01a02921-2a49-7417-b674-1b738751bbfb,0,20,10,5.0,5,working
01a02921-2aa7-70de-943d-f9df97bb38b2,01a02921-2a49-7417-b674-1b738751bbfb,1,30,12,8.0,2,working
01a02921-2af3-7b85-9be1-430adf5d634a,01a02921-2a49-7417-b674-1b738751bbfb,2,40,8,8.0,2,working
01a02929-18ca-7f51-82a7-ff7cba349c6f,01a02929-18c3-7349-abfc-0f08a600b2ed,0,5,10,5.0,5,working
01a02929-192e-7323-888b-83956829d3a3,01a02929-18c3-7349-abfc-0f08a600b2ed,1,5,10,8.0,5,working
01a02929-1981-7397-82d4-3cba6cc0decc,01a02929-18c3-7349-abfc-0f08a600b2ed,2,5,15,8.0,2,working
01a0292e-5027-7964-90db-f3bb136a4190,01a0292e-5021-7a63-a2b7-63bd02f4e833,0,7,12,9.0,1,working
01a0292e-508e-7498-a694-0f3feca9e1e4,01a0292e-5021-7a63-a2b7-63bd02f4e833,1,7,8,9.0,1,working
01a0292e-521b-75ce-ad6c-75df34bf7d48,01a0292e-5021-7a63-a2b7-63bd02f4e833,2,7,10,10.0,0,working
01a02935-6d58-7e12-b2fc-910ee605f0d5,01a02935-6d52-7f5a-bf4f-b9e80be9091a,0,17.5,10,9.0,1,working
01a02935-6e3e-76e8-adf2-7119fdc2289e,01a02935-6d52-7f5a-bf4f-b9e80be9091a,1,20,10,10.0,0,working
01a02935-6f72-72ca-9ccc-d68aa37695b3,01a02935-6d52-7f5a-bf4f-b9e80be9091a,2,20,10,10.0,0,working
01a0337d-4cfc-709a-9923-6ae7a4b87dc8,01a0337d-4cf9-72c3-ab9c-209a49801113,0,35,10,9.0,1,working
01a0337d-4dcb-727f-a030-f0fe5d43d8fc,01a0337d-4cf9-72c3-ab9c-209a49801113,1,35,10,10.0,0,working
01a0337d-4e56-7f00-8e82-12ce51230e75,01a0337d-4cf9-72c3-ab9c-209a49801113,2,40,10,10.0,0,working
01a0337e-1960-79e8-9dbf-c9b2118b4656,01a0337e-195a-7ead-9131-2106e3fc8f1b,0,40,8,2.0,,working
01a0337e-19d4-74bd-a22c-a4ba7286fb6c,01a0337e-195a-7ead-9131-2106e3fc8f1b,1,45,9,1.0,,working
01a0337e-1a43-7be7-bbf5-357e111a49f8,01a0337e-195a-7ead-9131-2106e3fc8f1b,2,50,10,0.0,,working
01a0337f-2b02-779e-a2d3-0562ce0ed507,01a0337e-195a-7ead-9131-2106e3fc8f1b,3,50,10,0.0,,working
01a0338b-bad7-7ce6-b87a-f737109597e8,01a0338b-bad2-72e5-8425-31b09594802e,0,15,12,10.0,0,working
01a0338b-bb39-7eb3-b34b-6b88dbe46cc5,01a0338b-bad2-72e5-8425-31b09594802e,1,15,12,10.0,0,working
01a0338c-1ad2-72bc-ad24-54a568b37b6f,01a0338c-1acb-7f7f-b76f-3933f0b612c3,0,20,10,8.0,2,working
01a0338c-1b30-70d3-a58a-595a228c215b,01a0338c-1acb-7f7f-b76f-3933f0b612c3,1,25,10,9.0,1,working
01a0338c-1ba6-70db-8827-69bf6a4b4fb6,01a0338c-1acb-7f7f-b76f-3933f0b612c3,2,30,10,10.0,0,working
01a03394-9510-7272-8996-e5594ae04eb8,01a03394-950b-7a2b-b89a-c76f54989982,0,20,10,0.0,10,working
01a03395-3180-7baa-82cf-6fa0ce56c436,01a03395-3179-780b-b171-9f7668383684,0,8,12,8.0,2,working
01a03395-31ee-723a-a13f-241afa125210,01a03395-3179-780b-b171-9f7668383684,1,10,12,9.0,1,working
01a03395-b0f8-7d2e-a5ac-6c4833b21a3a,01a03394-950b-7a2b-b89a-c76f54989982,1,40,10,5.0,5,working
01a03395-b14d-70e8-8fba-3cf69c62c163,01a03394-950b-7a2b-b89a-c76f54989982,2,60,10,8.0,2,working
01a03399-5843-7696-8e51-6489e69e1b71,01a03399-583e-7317-8f98-47f8f3338659,0,25,10,8.0,2,working
01a03399-58bc-713c-bbfd-35d20dc966da,01a03399-583e-7317-8f98-47f8f3338659,1,25,10,8.0,2,working
01a03db3-d004-7055-8ca2-c2affd194e2b,01a03db3-cffd-77ce-81bc-6cca59a5ef3d,0,90,8,7.0,3,working
01a03db3-d0a1-79c6-b965-717e66aa6d80,01a03db3-cffd-77ce-81bc-6cca59a5ef3d,1,100,8,8.0,2,working
01a03db3-d148-75ce-bbf2-b8d381566630,01a03db3-cffd-77ce-81bc-6cca59a5ef3d,2,110,8,9.0,1,working
01a03db3-d1ff-79f1-8181-e7cfc0e72cca,01a03db3-cffd-77ce-81bc-6cca59a5ef3d,3,120,8,10.0,0,working
01a03db9-d19a-79d1-a7f6-7a607988ba33,01a03db9-d195-7b3d-8632-0f11877dff19,0,120,10,8.0,1,working
01a03db9-d1f2-772b-bbb4-d0e564c61154,01a03db9-d195-7b3d-8632-0f11877dff19,1,120,12,9.0,1,working
01a03db9-d25a-7a26-bfcd-f750311b7a1a,01a03db9-d195-7b3d-8632-0f11877dff19,2,120,12,10.0,0,working
01a03dbf-a33b-7ff1-bba1-0a68fd2bcc3f,01a03dbf-a336-7a18-97d7-888f7987ec25,0,20,10,8.0,2,working
01a03dbf-a38b-71b8-a256-b7f2ff6baa48,01a03dbf-a336-7a18-97d7-888f7987ec25,1,30,10,10.0,0,working
01a03dbf-a3f0-7278-b76f-318c9dc90f7f,01a03dbf-a336-7a18-97d7-888f7987ec25,2,30,10,10.0,0,working
01a03dc9-9ee4-7769-9b30-781bbe3374da,01a03dc9-9edf-7489-b788-4b985727f984,0,40,12,8.0,2,working
01a03dc9-9f56-7ac1-a495-add8c7d2e578,01a03dc9-9edf-7489-b788-4b985727f984,1,45,12,9.0,1,working
01a03dc9-9fb3-7f11-a3e1-82eab65ab874,01a03dc9-9edf-7489-b788-4b985727f984,2,50,12,10.0,0,working
01a03dc9-a010-7628-8b76-6633218ce4b6,01a03dc9-9edf-7489-b788-4b985727f984,3,55,8,10.0,0,working
01a04ccc-bc1f-7d87-b63a-8d50a119389c,01a04ccc-bc19-76ad-b25d-0e3a344218d3,0,20,12,9.0,1,working
01a04ccc-bc76-7d9f-8c73-87e3815f88f1,01a04ccc-bc19-76ad-b25d-0e3a344218d3,1,20,10,8.0,2,working
01a04ccc-bcbf-78f7-9afe-20d9d1f002ca,01a04ccc-bc19-76ad-b25d-0e3a344218d3,2,25,8,10.0,0,working
01a04cd6-0f1b-7b49-b103-0b094ea64654,01a04cd6-0f15-7b71-8fca-bc89f8e6825f,0,45,10,8.0,2,working
01a04cd6-0fb8-7e23-ab60-6d804128ea47,01a04cd6-0f15-7b71-8fca-bc89f8e6825f,1,45,12,10.0,0,working
01a04cd6-1046-703f-bc29-76359f6d92e7,01a04cd6-0f15-7b71-8fca-bc89f8e6825f,2,50,7,,,working
01a04cdc-d26e-7512-80d9-d9ffb4de341c,01a04cdc-d268-7df0-a1bd-c3cc7b30eb5d,0,50,10,,,working
01a04cdc-d2dc-7a5e-aa26-7a7d399fd658,01a04cdc-d268-7df0-a1bd-c3cc7b30eb5d,1,60,10,,,working
01a04cdc-d331-7886-b3c2-0120555e6b8d,01a04cdc-d268-7df0-a1bd-c3cc7b30eb5d,2,70,10,,,working
01a04ce8-650d-7118-814f-c79cca738087,01a04ce8-6507-7952-b7ba-33e68f74d12c,0,45,12,,,working
01a04ce8-657d-7b19-87be-f30b3ca869f1,01a04ce8-6507-7952-b7ba-33e68f74d12c,1,50,10,,,working
01a04ce8-65cf-7dda-ba3e-587c3b5206e5,01a04ce8-6507-7952-b7ba-33e68f74d12c,2,55,8,10.0,0,working
01a04ce8-6629-76a8-9d12-9553d77d63d8,01a04ce8-6507-7952-b7ba-33e68f74d12c,3,50,9,10.0,0,working
01a04cea-8997-74fc-b966-a43c524ffa81,01a04cea-8992-743f-b3e7-fa7a5ebe8857,0,20,8,10.0,0,working
01a04cea-89ee-728c-8e13-580f73469734,01a04cea-8992-743f-b3e7-fa7a5ebe8857,1,15,8,10.0,0,working
01a04cea-8a31-7a8c-b88d-41fc6087ce01,01a04cea-8992-743f-b3e7-fa7a5ebe8857,2,10,10,10.0,0,working
01a04cf7-5c65-73a1-8a89-d169bf29f781,01a04cf7-5c62-7664-9111-195090cf5024,0,15,10,9.0,1,working
01a04cf7-5cb6-7bed-8f5a-d1028c88a842,01a04cf7-5c62-7664-9111-195090cf5024,1,15,10,9.0,1,working
01a04cf7-5cfc-7cfc-b2f1-39a68d34fb2f,01a04cf7-5c62-7664-9111-195090cf5024,2,15,10,9.0,1,working
01a04cf7-fe62-756f-bb47-b4b00aca8324,01a04cf7-fe5c-7961-96cb-e995aa4d65e5,0,8,10,10.0,0,working
01a04cf7-feb2-7b04-9d82-240ff764cdc4,01a04cf7-fe5c-7961-96cb-e995aa4d65e5,1,8,10,10.0,0,working
01a04cf7-ff08-7a38-93c5-890e00800600,01a04cf7-fe5c-7961-96cb-e995aa4d65e5,2,8,10,10.0,0,working
01a05786-94a5-7592-b543-5e8382a2ab90,01a05786-949e-7c39-9d3f-a2390a7907dc,0,45,10,10.0,0,working
01a05786-9559-7b04-a283-0ef6c4776a0b,01a05786-949e-7c39-9d3f-a2390a7907dc,1,50,10,10.0,0,working
01a05786-9612-75ff-b9e3-5ae14b84ef27,01a05786-949e-7c39-9d3f-a2390a7907dc,2,50,8,10.0,0,working
01a0578d-0385-75b4-b692-25aeda342868,01a0578d-037f-7831-b2fe-0dbc683550db,0,45,10,10.0,0,working
01a0578d-03e0-7a53-b794-05251e9d100d,01a0578d-037f-7831-b2fe-0dbc683550db,1,45,10,10.0,0,working
01a0578d-0440-793f-819f-069e251316bc,01a0578d-037f-7831-b2fe-0dbc683550db,2,50,10,10.0,0,working
01a05797-40f0-78e5-a012-c6a1ce5f2da1,01a05797-40e9-7f8e-8c87-b993dfba085d,0,30,10,10.0,0,working
01a05797-4144-7261-a7bc-9efcc8ec0168,01a05797-40e9-7f8e-8c87-b993dfba085d,1,30,10,10.0,0,working
01a05797-41b2-7302-ad59-1ad398a05877,01a05797-40e9-7f8e-8c87-b993dfba085d,2,30,10,10.0,0,working
01a0579e-4b1c-71c8-a4ab-34922c4ec7d4,01a0579e-4b14-75f2-aaa6-a4e2571addc7,0,25,10,10.0,0,working
01a0579e-4b71-792a-91cb-81fa60844ec4,01a0579e-4b14-75f2-aaa6-a4e2571addc7,1,25,10,10.0,0,working
01a0579e-4bc0-7a90-8682-bb8f0c8a5443,01a0579e-4b14-75f2-aaa6-a4e2571addc7,2,25,10,10.0,0,working
01a06185-3452-77b4-bbb4-de99164edecf,01a06185-344c-7829-b8d5-c5eb8e016c6c,0,110,10,8.0,2,working
01a06185-34bc-7769-807c-32b8b8625a5f,01a06185-344c-7829-b8d5-c5eb8e016c6c,1,120,10,9.0,1,working
01a06185-352d-70c9-8761-257733d2044e,01a06185-344c-7829-b8d5-c5eb8e016c6c,2,130,10,10.0,0,working
01a06193-4333-710c-a98f-df67be878b33,01a06193-432d-7a43-bbd8-ca41bccbb786,0,40,10,8.0,2,working
01a06193-43a6-7d33-a2bf-ee7de6dcc46f,01a06193-432d-7a43-bbd8-ca41bccbb786,1,45,10,9.0,1,working
01a06193-441c-75f0-b0a5-be4dd45c76cf,01a06193-432d-7a43-bbd8-ca41bccbb786,2,50,10,10.0,1,working
01a0619e-5a19-7846-b748-f2109dc40b4e,01a0619e-5a13-7831-8201-3b2555e75172,0,60,10,8.0,2,working
01a0619e-5b0b-7244-ba7a-15bdfe58eb0a,01a0619e-5a13-7831-8201-3b2555e75172,1,60,10,8.0,2,working
01a0619e-5b79-7da7-b9e9-0832b91bd364,01a0619e-5a13-7831-8201-3b2555e75172,2,80,10,10.0,0,working
01a061a5-4784-7e14-aa2f-c6367d0820df,01a061a5-477c-7e49-90ec-95344f5668fa,0,20,10,10.0,0,working
01a061a5-58ed-7be4-b73f-3979617dc91c,01a061a5-477c-7e49-90ec-95344f5668fa,1,20,10,10.0,0,working
01a061a6-3d89-793d-85a1-3250f4741bb9,01a061a6-3d82-7ff5-9b40-c45bf0a9da89,0,20,12,10.0,0,working
01a061a6-3e56-756e-ad18-28609938d2a4,01a061a6-3d82-7ff5-9b40-c45bf0a9da89,1,20,12,10.0,0,working
01a061a6-3f2b-7433-973a-7625416f2503,01a061a6-3d82-7ff5-9b40-c45bf0a9da89,2,20,12,10.0,0,working
01a061a9-353c-74f3-baf7-4908e898c2ce,01a061a9-3539-71f7-a278-2788faed14c9,0,17.5,12,10.0,0,working
01a061a9-35b6-737c-9074-a2e248e92aca,01a061a9-3539-71f7-a278-2788faed14c9,1,17.5,12,10.0,0,working
01a061a9-3635-7a00-afb3-944c502478d4,01a061a9-3539-71f7-a278-2788faed14c9,2,17.5,12,10.0,0,working
01a070f2-66ef-79b6-892b-c3d15eabe4fc,01a070f2-66ec-76da-9c9f-54cd14bdf5b4,0,30,8,9.0,1,working
01a070f2-6815-7646-9e76-3ab03158045b,01a070f2-66ec-76da-9c9f-54cd14bdf5b4,1,30,9,9.0,1,working
01a070f2-68b4-7114-87c8-989acea8969e,01a070f2-66ec-76da-9c9f-54cd14bdf5b4,2,35,8,10.0,0,working
01a070fb-aade-7088-95f0-a10d174ef87d,01a070fb-aad8-7cec-8f8e-d9aa26a751dc,0,10,10,7.0,3,working
01a070fb-ab51-797f-9f10-7c1a8c7494f6,01a070fb-aad8-7cec-8f8e-d9aa26a751dc,1,15,10,9.0,1,working
01a070fb-abb2-75a0-b5ed-f8ffc88aacdf,01a070fb-aad8-7cec-8f8e-d9aa26a751dc,2,15,10,9.0,1,working
01a07105-ba8f-7908-8474-c1fd3211f634,01a07105-ba88-7d13-8e05-9d41b8823fb6,0,20,10,8.0,2,working
01a07105-bafa-7a46-8927-9da8bf9efa6e,01a07105-ba88-7d13-8e05-9d41b8823fb6,1,25,10,9.0,1,working
01a07105-bb52-7195-a4c4-dc7d67f10eda,01a07105-ba88-7d13-8e05-9d41b8823fb6,2,30,10,10.0,0,working
01a0710c-7c2a-743e-a00d-c482e70a249a,01a0710c-7c25-73c2-a14e-b788da795c92,0,50,8,10.0,0,working
01a0710c-7c8b-7569-9cec-f1a6d7c2ca8f,01a0710c-7c25-73c2-a14e-b788da795c92,1,50,8,10.0,0,working
01a0710c-7cd9-7a8a-b752-cf5f5886670d,01a0710c-7c25-73c2-a14e-b788da795c92,2,55,8,10.0,0,working
01a07116-42df-799c-b6e8-5a744dbe4ac5,01a07116-42d9-7499-b46f-1607fe9354fe,0,20,12,10.0,0,working
01a07116-43c0-705c-b6bf-4b09a1fb2d9c,01a07116-42d9-7499-b46f-1607fe9354fe,1,20,10,10.0,0,working
01a07116-f1d7-7f87-bb99-6cd3830001f1,01a07116-f1d4-74a3-94cf-0e847d549304,0,40,10,10.0,0,working
01a07116-f219-7fd7-babc-a66f0861eead,01a07116-f1d4-74a3-94cf-0e847d549304,1,40,10,10.0,0,working
01a0711c-1bff-7ef7-8b16-039b54b3a90d,01a0711c-1bf9-7a04-811d-5ff35085cc7b,0,30,10,5.0,5,working
01a0711c-1c52-7556-a888-088b0cbfa706,01a0711c-1bf9-7a04-811d-5ff35085cc7b,1,30,10,5.0,5,working
01a0711c-1ca7-7167-a096-a17b0a0b4c89,01a0711c-1bf9-7a04-811d-5ff35085cc7b,2,30,10,5.0,5,working
01a07b8d-5ad0-765e-b4a5-60ebd6531f6f,01a07b8d-5ac9-733d-b3a0-43e7bcf0d7ce,0,50,10,9.0,1,working
01a07b8d-5b33-7d77-8c6e-3f6e4e266eaf,01a07b8d-5ac9-733d-b3a0-43e7bcf0d7ce,1,50,10,9.0,1,working
01a07b8d-5b9e-7b37-b3bf-8838d01dd8fc,01a07b8d-5ac9-733d-b3a0-43e7bcf0d7ce,2,55,10,10.0,0,working
01a07b8e-b4fa-7136-b9dc-17bce95f0a9b,01a07b8e-b4f4-7505-916c-50ed88652c2e,0,30,10,9.0,1,working
01a07b8e-b581-7ad4-b93d-b790d8edc5f8,01a07b8e-b4f4-7505-916c-50ed88652c2e,1,30,10,9.0,1,working
01a07b8e-b606-7601-8d1f-efd62151daa2,01a07b8e-b4f4-7505-916c-50ed88652c2e,2,30,10,9.0,1,working
01a07b8f-961d-7aff-8421-6d197de8721e,01a07b8f-9617-71b6-b19f-ba831c486f00,0,20,10,8.0,2,working
01a07b8f-9689-78e3-b3d0-2084532c8960,01a07b8f-9617-71b6-b19f-ba831c486f00,1,30,10,9.0,1,working
01a07b8f-96e6-7b7f-bf6f-f904918b0d22,01a07b8f-9617-71b6-b19f-ba831c486f00,2,35,10,10.0,0,working
01a07b9c-f5e1-7cd5-9f23-6e45a3cd3e6b,01a07b9c-f5db-75e1-9e90-bbce617474ae,0,7,15,10.0,0,working
01a07b9c-f6ed-731c-8565-2c614b0dd041,01a07b9c-f5db-75e1-9e90-bbce617474ae,1,7,13,10.0,0,working
01a07b9c-f808-7e81-bc70-52589da24cd6,01a07b9c-f5db-75e1-9e90-bbce617474ae,2,7,12,10.0,0,working
01a07ba9-3f8c-7bf1-a7ce-a5744419f6ba,01a07ba9-3f85-70b7-9d53-7e3a998c05d4,0,17,12,9.0,1,working
01a07ba9-3ff7-7d0d-b662-14eae4fa8bae,01a07ba9-3f85-70b7-9d53-7e3a998c05d4,1,10,12,9.0,1,working
01a08564-87c2-76a0-ae19-6497267cb05d,01a08564-87bc-719c-a5fd-05a8401dcb45,0,110,8,10.0,0,working
01a08564-8874-7459-b52f-f4414d50168a,01a08564-87bc-719c-a5fd-05a8401dcb45,1,120,8,10.0,0,working
01a08564-88e5-7b42-9547-d029b57d51a1,01a08564-87bc-719c-a5fd-05a8401dcb45,2,130,8,10.0,0,working
01a08565-14d1-7f40-886f-c3440a7ca99e,01a08565-14ca-713f-8c35-9d16ce174ade,0,90,10,10.0,0,working
01a08565-1546-7f9a-aacd-1ae2e5d9ba4d,01a08565-14ca-713f-8c35-9d16ce174ade,1,100,10,10.0,0,working
01a08565-15c0-765c-995a-059c6a3527ba,01a08565-14ca-713f-8c35-9d16ce174ade,2,110,10,10.0,0,working
01a0856e-c198-7f4b-a98e-c1c158b9c121,01a0856e-c195-7a25-be38-04ec892330e5,0,45,10,9.0,1,working
01a0856e-c27b-7413-ad5c-030439fa77af,01a0856e-c195-7a25-be38-04ec892330e5,1,45,10,9.0,1,working
01a0856e-c319-703c-851c-082842a9bd50,01a0856e-c195-7a25-be38-04ec892330e5,2,45,10,9.0,1,working
01a0856f-0d11-706f-9daa-e0e24c79c963,01a0856f-0d0a-70f5-b755-5a584444f7ca,0,45,10,9.0,1,working
01a0856f-0d77-790f-93de-81fcf2ce28cf,01a0856f-0d0a-70f5-b755-5a584444f7ca,1,45,10,9.0,1,working
01a0856f-0dec-7957-827b-01d4b7e419a3,01a0856f-0d0a-70f5-b755-5a584444f7ca,2,45,10,9.0,1,working
01a094fb-4ce4-783a-a450-985ca59cf05d,01a094fb-4cdd-78b6-b443-025a525d24c2,0,30,10,9.0,1,working
01a094fb-4d38-7651-9669-a7394fca89ad,01a094fb-4cdd-78b6-b443-025a525d24c2,1,30,10,9.0,1,working
01a094fb-4d98-7fd9-9a29-a0de15b90cc3,01a094fb-4cdd-78b6-b443-025a525d24c2,2,35,10,10.0,0,working
01a09503-86a3-7887-95e1-25eb8e95633b,01a09503-869e-712f-a852-94a79137f44c,0,10,10,9.0,1,working
01a09503-8704-7af1-899d-9ac7bf247945,01a09503-869e-712f-a852-94a79137f44c,1,10,10,9.0,1,working
01a09503-8759-786c-a97c-80cb34f301aa,01a09503-869e-712f-a852-94a79137f44c,2,10,10,9.0,1,working
01a09504-4abf-7031-aa89-7e638b7e44fc,01a09504-4abb-7905-87aa-01f3840f5332,0,25,10,9.0,1,working
01a09504-4b15-744c-a66d-4a52d8a4b5f9,01a09504-4abb-7905-87aa-01f3840f5332,1,25,10,9.0,1,working
01a09504-4b83-791f-96e2-fb74f00456e5,01a09504-4abb-7905-87aa-01f3840f5332,2,25,10,9.0,1,working
01a09511-0e57-72e8-8058-0556e35864c6,01a09511-0e52-75f8-a2d1-92f2f2942f1f,0,45,10,9.0,1,working
01a09511-0eb9-7837-ab4f-0be44b774ab8,01a09511-0e52-75f8-a2d1-92f2f2942f1f,1,50,10,10.0,0,working
01a09511-0f0a-7e32-a571-d431a0bae69d,01a09511-0e52-75f8-a2d1-92f2f2942f1f,2,50,8,10.0,0,working
01a09519-c3d7-7f03-9ccd-fbb5652443e8,01a09519-c3d1-7cab-ae39-ca1e10d3f247,0,20,12,10.0,0,working
01a09519-c4b5-7f8d-895b-54f4b279e997,01a09519-c3d1-7cab-ae39-ca1e10d3f247,1,20,10,10.0,0,working
01a09519-c593-7a57-b418-2d915001737e,01a09519-c3d1-7cab-ae39-ca1e10d3f247,2,20,9,10.0,0,working
01a09522-dce8-746d-845c-0fe72e5a8389,01a09522-dce5-729d-9b14-bd68af4c8e0d,0,20,12,10.0,0,working
01a09522-dd79-7aeb-a758-88dd51807cdb,01a09522-dce5-729d-9b14-bd68af4c8e0d,1,20,12,10.0,0,working
01a09522-de10-720e-b1bd-1082bd4a6bee,01a09522-dce5-729d-9b14-bd68af4c8e0d,2,20,10,10.0,0,working
01a09f50-b292-76e7-85b6-6a184d1420df,01a09f50-b28c-7e06-8b34-6fccaac9e2cb,0,60,10,9.0,1,working
01a09f50-b45e-7f0e-8ee6-7d519b95de25,01a09f50-b28c-7e06-8b34-6fccaac9e2cb,1,60,10,9.0,1,working
01a09f50-b63c-70d1-8fce-27ed865767aa,01a09f50-b28c-7e06-8b34-6fccaac9e2cb,2,60,10,9.0,1,working
01a09f58-69b2-7e76-9bdc-3de0e643d1a2,01a09f58-69ad-7c73-b246-6083dd6d9b62,0,10,10,9.0,1,working
01a09f58-6a08-7b30-a3c6-fbf3ba3b4e23,01a09f58-69ad-7c73-b246-6083dd6d9b62,1,10,10,9.0,1,working
01a09f58-6a68-74d2-be52-672fcaed6915,01a09f58-69ad-7c73-b246-6083dd6d9b62,2,15,8,10.0,0,working
01a09f5f-64d5-705a-9f0b-dd30514ea2ad,01a09f5f-64cf-7abe-bac1-e085bbd0e7d4,0,50,10,9.0,1,working
01a09f5f-65b4-7dbd-a7d4-d2c204b7569d,01a09f5f-64cf-7abe-bac1-e085bbd0e7d4,1,55,10,9.0,1,working
01a09f5f-6690-7449-9ceb-750afe68a50b,01a09f5f-64cf-7abe-bac1-e085bbd0e7d4,2,60,8,10.0,0,working
01a09f78-bac0-75b1-9dd0-94222f85c563,01a09f78-babd-7aa4-8f8a-b5d58bffd69f,0,35,10,8.0,2,working
01a09f78-beae-7b91-ac0a-dace6f6a41b0,01a09f78-babd-7aa4-8f8a-b5d58bffd69f,1,40,10,9.0,1,working
01a09f78-bf5a-77b2-b660-b5b53225bf5d,01a09f78-babd-7aa4-8f8a-b5d58bffd69f,2,45,10,10.0,0,working
01a0a9a8-3d7e-7b27-9ee6-59fbad38dfd5,01a0a9a8-3d7a-707a-b9e6-39fb5e09df57,0,90,10,9.0,1,working
01a0a9a8-3e60-7b6b-98ea-e5be0f97bfed,01a0a9a8-3d7a-707a-b9e6-39fb5e09df57,1,100,10,9.0,1,working
01a0a9a8-3f5c-7576-b658-95ac0e19d82e,01a0a9a8-3d7a-707a-b9e6-39fb5e09df57,2,110,8,10.0,0,working
01a0a9a8-f26c-7ab3-a8d3-66998f01cf6d,01a0a9a8-f265-7e70-b502-821222975b1d,0,45,10,9.0,1,working
01a0a9a8-f34e-722c-a24f-75efefefd780,01a0a9a8-f265-7e70-b502-821222975b1d,1,45,10,9.0,1,working
01a0a9a8-f42c-73c7-a955-b795fb857df0,01a0a9a8-f265-7e70-b502-821222975b1d,2,45,10,9.0,1,working
01a0a9af-4996-7303-b10d-47bdf5c9b00b,01a0a9af-498e-7b7d-9010-452327a4866a,0,5,14,9.0,1,working
01a0a9af-4a8b-7b32-bb1a-45580343a490,01a0a9af-498e-7b7d-9010-452327a4866a,1,6,10,9.0,1,working
01a0a9af-4b82-7277-bb36-63e2e253b6ce,01a0a9af-498e-7b7d-9010-452327a4866a,2,7,7,9.0,1,working
01a0a9b6-d7cc-7f9a-8a7e-b1289aff5b3c,01a0a9b6-d7c5-72c4-a858-5bf7cb4b9259,0,10,10,10.0,0,working
01a0a9b6-d8b1-78e9-99cc-bd8b07d06b47,01a0a9b6-d7c5-72c4-a858-5bf7cb4b9259,1,10,10,10.0,0,working
01a0a9b6-d996-7c13-a928-9f50b86dc966,01a0a9b6-d7c5-72c4-a858-5bf7cb4b9259,2,10,10,10.0,0,working
01a0a9bf-557f-70a5-a2d9-af2994da35b2,01a0a9bf-5578-743d-8241-4e18c0fcb2cb,0,20,10,9.0,1,working
01a0a9bf-5658-7b7c-816c-df19ad05ab9f,01a0a9bf-5578-743d-8241-4e18c0fcb2cb,1,20,10,9.0,1,working
01a0a9bf-572d-7bb9-8351-c413f80d4453,01a0a9bf-5578-743d-8241-4e18c0fcb2cb,2,20,8,9.0,1,working
01a0a9c0-6544-75b8-a387-e313b1d990e8,01a0a9c0-653d-75fa-87bd-a063a136567d,0,20,10,10.0,0,working
01a0a9c0-6627-777b-99be-c7990606d9a8,01a0a9c0-653d-75fa-87bd-a063a136567d,1,20,10,10.0,0,working
01a0a9c0-6753-7777-9ba6-b2e502927473,01a0a9c0-653d-75fa-87bd-a063a136567d,2,20,10,10.0,0,working
01a0cde4-46a4-71de-8d43-0f791b8eb626,01a0cde4-4694-7202-b80e-1d6c40f48c76,0,80,10,8.0,2,working
01a0cde4-4714-766e-bc91-18e5fcb8516c,01a0cde4-4694-7202-b80e-1d6c40f48c76,1,80,10,8.0,2,working
01a0cde4-478a-71b2-b57c-d0c823bc311a,01a0cde4-4694-7202-b80e-1d6c40f48c76,2,100,10,9.0,1,working
01a0cde9-8a18-73d4-a069-40e0c8fef0fc,01a0cde9-8a11-7d67-a688-f2a749c8b0ee,0,40,10,8.0,2,working
01a0cde9-8ad2-7af8-9d1b-8effcd2f8b4a,01a0cde9-8a11-7d67-a688-f2a749c8b0ee,1,60,10,10.0,0,working
01a0cde9-8b86-7850-af85-9f831b31bfd0,01a0cde9-8a11-7d67-a688-f2a749c8b0ee,2,60,10,10.0,0,working
01a0cdf7-92c7-7d0a-b64e-ef5b1155b7fd,01a0cdf7-92c4-7f17-876a-832b4b2eb623,0,35,10,8.0,2,working
01a0cdf7-93a2-7819-b542-0e855a4091af,01a0cdf7-92c4-7f17-876a-832b4b2eb623,1,40,10,9.0,1,working
01a0cdf7-962f-7839-95b9-fcbe64dd8584,01a0cdf7-92c4-7f17-876a-832b4b2eb623,2,45,10,10.0,0,working
01a0dd45-954b-764d-bcf2-9fd4ec8a864f,01a0dd45-9545-7230-bbc9-3f438fa3d08a,0,15,10,9.0,1,working
01a0dd45-95a1-74f6-9032-90bb5f5ff24d,01a0dd45-9545-7230-bbc9-3f438fa3d08a,1,15,10,9.0,1,working
01a0dd45-95f7-7689-a9e5-b35db797f52d,01a0dd45-9545-7230-bbc9-3f438fa3d08a,2,15,10,9.0,1,working
01a0dd4c-ee9d-7b6f-be58-26a63d6212f1,01a0dd4c-ee96-7aca-906e-26d68061bf6c,0,25,10,9.0,1,working
01a0dd4c-ef4d-7756-a113-251c0e3f45cb,01a0dd4c-ee96-7aca-906e-26d68061bf6c,1,30,10,9.0,1,working
01a0dd4c-eff8-71ad-a309-ea1f487565d2,01a0dd4c-ee96-7aca-906e-26d68061bf6c,2,35,6,10.0,0,working
01a0dd61-eed1-7f44-89a6-2a3a77636503,01a0dd61-eecf-7135-af47-0aeb1e0bf624,0,15,12,9.0,1,working
01a0dd61-ef22-7ac2-9e12-63bf3d243fd4,01a0dd61-eecf-7135-af47-0aeb1e0bf624,1,15,12,9.0,1,working
01a0dd61-ef69-7cf6-bf35-e8565437577d,01a0dd61-eecf-7135-af47-0aeb1e0bf624,2,15,10,10.0,0,working
01a0dd63-586b-7192-b0fa-a7bb9e0ed511,01a0dd63-5868-7133-9367-29985e058d84,0,17.5,12,9.0,1,working
01a0dd63-58c1-798e-8d31-a4410b8c7e4a,01a0dd63-5868-7133-9367-29985e058d84,1,17.5,10,10.0,0,working
01a0dd63-5a6b-77a7-97b5-ce4cb2f7d80e,01a0dd63-5868-7133-9367-29985e058d84,2,17.5,10,10.0,0,working
01a0dd6c-b3ba-71cb-9a67-3f5ab5cf31d8,01a0dd6c-b3b3-7e17-a8db-3c5f106647b0,0,30,9,10.0,0,working
01a0dd6c-b41b-7076-b11b-d318bae49dd4,01a0dd6c-b3b3-7e17-a8db-3c5f106647b0,1,20,10,9.0,1,working
01a0dd6c-b47f-7582-ae8e-16aaa8c3e0cc,01a0dd6c-b3b3-7e17-a8db-3c5f106647b0,2,20,10,9.0,1,working
01a0dd73-f666-71ee-829c-20f641d7bc3e,01a0dd73-f660-7102-a666-1024d834ad40,0,40,10,9.0,1,working
01a0dd73-f6c2-7982-8170-6857d3fae287,01a0dd73-f660-7102-a666-1024d834ad40,1,35,10,9.0,1,working
01a0dd73-f715-7c26-ae79-61b5a51b6c48,01a0dd73-f660-7102-a666-1024d834ad40,2,40,10,9.0,1,working
01a0dd75-6bfd-76ab-8ffa-54b4f3f52054,01a0dd75-6bf6-7b88-95e8-53d0fbbd5669,0,7,10,9.0,1,working
01a0dd75-6c5c-7ec1-b621-8586a9c1ff2b,01a0dd75-6bf6-7b88-95e8-53d0fbbd5669,1,7,10,9.0,1,working
01a0dd75-6cce-77de-952a-fad7e2949ac4,01a0dd75-6bf6-7b88-95e8-53d0fbbd5669,2,7,10,9.0,1,working
